-- phpMyAdmin SQL Dump
-- version 4.8.3
-- https://www.phpmyadmin.net/
--
-- Хост: localhost
-- Время создания: Ноя 07 2018 г., 09:11
-- Версия сервера: 5.5.60-MariaDB
-- Версия PHP: 5.6.38

SET SQL_MODE = "NO_AUTO_VALUE_ON_ZERO";
SET AUTOCOMMIT = 0;
START TRANSACTION;
SET time_zone = "+00:00";


/*!40101 SET @OLD_CHARACTER_SET_CLIENT=@@CHARACTER_SET_CLIENT */;
/*!40101 SET @OLD_CHARACTER_SET_RESULTS=@@CHARACTER_SET_RESULTS */;
/*!40101 SET @OLD_COLLATION_CONNECTION=@@COLLATION_CONNECTION */;
/*!40101 SET NAMES utf8mb4 */;

--
-- База данных: `timetable`
--

-- --------------------------------------------------------

--
-- Структура таблицы `classes`
--

CREATE TABLE `classes` (
  `id` int(11) NOT NULL,
  `time_b` int(11) DEFAULT NULL,
  `time_e` int(11) DEFAULT NULL
) ENGINE=InnoDB DEFAULT CHARSET=utf8 COLLATE=utf8_bin;

--
-- Дамп данных таблицы `classes`
--

INSERT INTO `classes` (`id`, `time_b`, `time_e`) VALUES
(1, 0, 900),
(2, 900, 945),
(3, 945, 1040),
(4, 1040, 1125),
(5, 1125, 1240),
(6, 1240, 1325),
(7, 1325, 1440),
(8, 1440, 1525),
(9, 1525, 1625),
(10, 1625, 1710),
(11, 1710, 1805),
(12, 1805, 2400);

-- --------------------------------------------------------

--
-- Структура таблицы `groups`
--

CREATE TABLE `groups` (
  `id` int(11) NOT NULL,
  `name` blob
) ENGINE=InnoDB DEFAULT CHARSET=utf8 COLLATE=utf8_bin;

--
-- Дамп данных таблицы `groups`
--

INSERT INTO `groups` (`id`, `name`) VALUES
(1, 0xd090d0a22031362d3039),
(2, 0xd090d0a22031372d3039),
(3, 0xd090d0a22031372d3131),
(4, 0xd090d0a22031382d3131),
(5, 0xd090d0a2d09fd0b8d09f2031352d3039),
(6, 0xd090d0a2d09fd0b8d09f2031362d3039),
(7, 0xd090d0a2d09fd0b8d09f2031362d3131),
(8, 0xd094d09e2031352d30392d31),
(9, 0xd094d09e2031352d30392d32),
(10, 0xd094d09e2031362d3131),
(11, 0xd094d09e2031372d31312d31),
(12, 0xd094d09e2031372d31312d32),
(13, 0xd094d09e2031382d31312d31),
(14, 0xd094d09e2031382d31312d32),
(15, 0xd09ad09f2031362d31312d31),
(16, 0xd09ad09f2031362d31312d32),
(17, 0xd09ad09f2031372d3039),
(18, 0xd09ad09f2031372d31312d31),
(19, 0xd09ad09f2031372d31312d32),
(20, 0xd09ad09f2031372d31312d33),
(21, 0xd09ad09f2031382d31312d31),
(22, 0xd09ad09f2031382d31312d32),
(23, 0xd09ad0a12031362d3131),
(24, 0xd09ed0a1d090d0a2d09fd0b8d09f2031372d3131),
(25, 0xd09ed0a1d090d0a2d09fd0b8d09f2031382d31312d31),
(26, 0xd09ed0a1d090d0a2d09fd0b8d09f2031382d31312d32),
(27, 0xd09fd094d09e20d0a2d0a22031352d3039),
(28, 0xd09fd094d09e20d0a2d0a22031362d3039),
(29, 0xd09fd094d09e20d0a2d0a22031372d3039),
(30, 0xd09fd094d09e20d0a2d0a22031382d31312d31),
(31, 0xd09fd094d09e20d0a2d0a22031382d31312d32),
(32, 0xd0a1d0a1d0902031372d3131),
(33, 0xd0a1d0a1d0902031382d31312d31),
(34, 0xd0a1d0a1d0902031382d31312d32),
(35, 0xd0a8d09e2031352d30392d31),
(36, 0xd0a8d09e2031352d30392d32);

-- --------------------------------------------------------

--
-- Структура таблицы `lessons`
--

CREATE TABLE `lessons` (
  `id` int(11) NOT NULL,
  `name` blob
) ENGINE=InnoDB DEFAULT CHARSET=utf8 COLLATE=utf8_bin;

--
-- Дамп данных таблицы `lessons`
--

INSERT INTO `lessons` (`id`, `name`) VALUES
(1, 0xd09cd094d09a2e30312e303220d09cd0b5d182d0bed0b4d18b20d181d0bed0b7d0b4d0b0d0bdd0b8d18f20d0b820d0bad0bed180d180d0b5d0bad182d0b8d180d0bed0b2d0bad0b820d0bad0bed0bcd0bfd18cd18ed182d0b5d180d0bdd18bd18520d0bcd0bed0b4d0b5d0bbd0b5d0b9),
(2, 0xd09cd094d09a30322e3031d0a2d0b5d0bed0b5d182d0b8d187d0b5d181d0bad0b8d0b520d0bed181d0bdd0bed0b2d18b20d0bfd180d0bed0b8d0b7d0b2d0bed0b4d181d182d0b020d0b8d0b7d0b4d0b5d0bbd0b8d0b920d18120d0b8d181d0bfd0bed0bbd18cd0b7d0bed0b2d0b0d0bdd0b8d0b5d0bc20d0b0d0b4),
(3, 0xd09cd094d09a2030322e303320d09cd0b5d182d0bed0b4d18b20d184d0b8d0bdd0b8d188d0bdd0bed0b920d0bed0b1d180d0b0d0b1d0bed182d0bad0b820d0b820d0bad0bed0bdd182d180d0bed0bbd18f20d0bad0b0d187d0b5d181d182d0b2d0b020d0b3d0bed182d0bed0b2d18bd18520d0b8d0b7d0b4d0b5d0bbd0b8d0b9),
(4, 0xd091d0b5d0b7d0bed0bfd0b0d181d0bdd0bed181d182d18c20d0b6d0b8d0b7d0bdd0b5d0b4d0b5d18fd182d0b5d0bbd18cd0bdd0bed181d182d0b8),
(5, 0xd09cd094d09a2030322e303220d0add0bad181d0bfd0bbd183d0b0d182d0b0d186d0b8d18f20d183d181d182d0b0d0bdd0bed0b2d0bed0ba20d0b4d0bbd18f20d0b0d0b4d0b4d0b8d182d0b8d0b2d0bdd0bed0b3d0be20d0bfd180d0bed0b8d0b7d0b2d0bed0b4d181d182d0b2d0b0),
(6, 0xd09ed185d180d0b0d0bdd0b020d182d180d183d0b4d0b0),
(7, 0x312ed098d0bdd0bed181d182d180d0b0d0bdd0bdd18bd0b920d18fd0b7d18bd0ba),
(8, 0x322ed098d0bdd0bed181d182d180d0b0d0bdd0bdd18bd0b920d18fd0b7d18bd0ba),
(9, 0xd0a4d0b8d0b7d0b8d187d0b5d181d0bad0b0d18f20d0bad183d0bbd18cd182d183d180d0b0),
(10, 0xd09ed181d0bdd0bed0b2d18b20d0bfd180d0b5d0b4d0bfd180d0b8d0bdd0b8d0bcd0b0d182d0b5d0bbd18cd181d0bad0bed0b920d0b4d0b5d18fd182d0b5d0bbd18cd0bdd0bed181d182d0b8),
(11, 0xd09ed181d0bdd0bed0b2d18b20d0bcd0b5d185d0b0d182d180d0bed0bdd0b8d0bad0b8),
(12, 0x322ed098d0bdd184d0bed180d0bcd0b0d182d0b8d0bad0b0),
(13, 0x312ed098d0bdd184d0bed180d0bcd0b0d182d0b8d0bad0b0),
(14, 0xd098d0bdd0bed181d182d180d0b0d0bdd0bdd18bd0b920d18fd0b7d18bd0ba),
(15, 0xd09cd0b0d182d0b5d180d0b8d0b0d0bbd0bed0b2d0b5d0b4d0b5d0bdd0b8d0b5),
(16, 0xd09fd180d0bed186d0b5d181d181d18b20d184d0bed180d0bcd0bed0bed0b1d180d0b0d0b7d0bed0b2d0b0d0bdd0b8d18f20d0b220d0bcd0b0d188d0b8d0bdd0bed181d182d180d0bed0b5d0bdd0b8d0b8),
(17, 0xd09cd0b0d182d0b5d0bcd0b0d182d0b8d0bad0b0),
(18, 0xd0a2d0b5d0bfd0bbd0bed182d0b5d185d0bdd0b8d0bad0b0),
(19, 0xd0a2d0b5d185d0bdd0b8d187d0b5d181d0bad0b0d18f20d0bcd0b5d185d0b0d0bdd0b8d0bad0b0),
(20, 0xd09ad183d0bbd18cd182d183d180d0b020d180d0b5d187d0b8),
(21, 0xd0add0bbd0b5d0bad182d180d0bed182d0b5d185d0bdd0b8d0bad0b020d0b820d18dd0bbd0b5d0bad182d180d0bed0bdd0b8d0bad0b0),
(22, 0xd09cd094d09a2030322e30312e20d0a2d0b5d0bed180d0b5d182d0b8d187d0b5d181d0bad0b8d0b520d0bed181d0bdd0bed0b2d18b20d0bed180d0b3d0b0d0bdd0b8d0b7d0b0d186d0b8d0b820d0bcd0bed0bdd182d0b0d0b6d0b02c20d180d0b5d0bcd0bed0bdd182d0b02c20d0bdd0b0d0bbd0b0d0b4d0bad0b520d181d0b8d181d182d0b5d0bc),
(23, 0x312ed098d0bdd184d0bed180d0bcd0b0d186d0b8d0bed0bdd0bdd0bed0b520d0bed0b1d0b5d181d0bfd0b5d187d0b5d0bdd0b8d0b520d0bfd180d0bed184d0b5d181d181d0b8d0bed0bdd0b0d0bbd18cd0bdd0bed0b920d0b4d0b5d18fd182d0b5d0bbd18cd0bdd0bed181d182d0b8),
(24, 0x322ed098d0bdd184d0bed180d0bcd0b0d186d0b8d0bed0bdd0bdd0bed0b520d0bed0b1d0b5d181d0bfd0b5d187d0b5d0bdd0b8d0b520d0bfd180d0bed184d0b5d181d181d0b8d0bed0bdd0b0d0bbd18cd0bdd0bed0b920d0b4d0b5d18fd182d0b5d0bbd18cd0bdd0bed181d182d0b8),
(25, 0xd09cd094d09a2e30332e303220d0a2d0b5d0bed180d0b8d18f20d0b820d0bcd0b5d182d0bed0b4d0b8d0bad0b020d180d0b0d0b7d0b2d0b8d182d0b8d18f20d180d0b5d187d0b820d18320d0b4d0b5d182d0b5d0b9),
(26, 0xd09cd094d09a2030332e30342e20d0a2d0b5d0bed180d0b8d18f20d0b820d0bcd0b5d182d0bed0b4d0b8d0bad0b020d0bcd0b0d182d0b5d0bcd0b0d182d0b8d187d0b5d181d0bad0bed0b3d0be20d180d0b0d0b7d0b2d0b8d182d0b8d18f),
(27, 0xd09cd094d09a2030332e30332ed0a2d0b5d0bed180d0b8d18f20d0b820d0bcd0b5d182d0bed0b4d0b8d0bad0b020d18dd0bad0bed0bbd0bed0b3d0b8d187d0b5d181d0bad0bed0b3d0be20d0bed0b1d180d0b0d0b7d0bed0b2d0b0d0bdd0b8d18f20d0b4d0bed188d0bad0bed0bbd18cd0bdd0b8d0bad0bed0b2),
(28, 0xd09cd094d09a2e30352e303120d0a2d0b5d0bed180d0b5d182d0b8d187d0b5d181d0bad0b8d0b520d0b820d0bfd180d0b8d0bad0bbd0b0d0b4d0bdd18bd0b520d0b0d181d0bfd0b5d0bad182d18b20d0bcd0b5d182d0bed0b4d0b8d187d0b5d181d0bad0bed0b920d180d0b0d0b1d0bed182d18b20d0b2d0bed181d0bfd0b8d182d0b0d182d0b5d0bbd18f20d0b4d0b5d182d0b5d0b920d0b4d0bed188d0bad0bed0bbd18cd0bdd0bed0b3d0be20d0b2d0be),
(29, 0xd09cd094d09a2e30332e303520d098d0bdd0bad0bbd18ed0b7d0b8d0b2d0bdd0bed0b520d0bed0b1d183d187d0b5d0bdd0b8d0b520d0b820d0b2d0bed181d0bfd0b8d182d0b0d0bdd0b8d0b520d0b4d0bed188d0bad0bed0bbd18cd0bdd0b8d0bad0bed0b2),
(30, 0xd09cd094d09a2e30322e303620d09fd181d0b8d185d0bed0bbd0bed0b3d0be2dd0bfd0b5d0b4d0b0d0b3d0bed0b3d0b8d187d0b5d181d0bad0b8d0b520d0bed181d0bdd0bed0b2d18b20d0bed180d0b3d0b0d0bdd0b8d0b7d0b0d186d0b8d0b820d0bed0b1d189d0b5d0bdd0b8d18f20d0b4d0b5d182d0b5d0b920d0b4d0bed188d0bad0bed0bbd18cd0bdd0bed0b3d0be20d0b2d0bed0b7d180d0b0d181d182d0b0),
(31, 0xd098d181d182d0bed180d0b8d18f),
(32, 0xd09cd094d09a2e30322e303420d09fd180d0b0d0bad182d0b8d0bad183d0bc20d0bfd0be20d185d183d0b4d0bed0b6d0b5d181d182d0b2d0b5d0bdd0bdd0bed0b920d0bed0b1d180d0b0d0b1d0bed182d0bad0b520d0bcd0b0d182d0b5d180d0b8d0b0d0bbd0bed0b220d0b820d0b8d0b7d0be20d0b8d181d0bad183d181d181d182d0b2d183),
(33, 0xd09cd094d09a2e30332e303320d0a2d0b5d0bed180d0b8d18f20d0b820d0bcd0b5d182d0bed0b4d0b8d0bad0b020d18dd0bad0bed0bbd0bed0b3d0b8d187d0b5d181d0bad0bed0b3d0be20d0bed0b1d180d0b0d0b7d0bed0b2d0b0d0bdd0b8d18f20d0b4d0bed188d0bad0bed0bbd18cd0bdd0b8d0bad0bed0b2),
(34, 0xd09cd094d09a2e30322e303120d0a2d0b5d0bed180d0b5d182d0b8d187d0b5d181d0bad0b8d0b520d0b820d0bcd0b5d182d0bed0b4d0b8d187d0b5d181d0bad0b8d0b520d0bed181d0bdd0bed0b2d18b20d0bed180d0b3d0b0d0bdd0b8d0b7d0b0d186d0b8d0b820d0b8d0b3d180d0bed0b2d0bed0b920d0b4d0b5d18fd182d0b5d0bbd18cd0bdd0bed187d182d0b8),
(35, 0xd09cd094d09a2e30322e303320d0a2d0b5d0bed180d0b5d182d0b8d187d0b5d181d0bad0b8d0b520d0b820d0bcd0b5d182d0bed0b4d0b8d187d0b5d181d0bad0b8d0b520d0bed181d0bdd0bed0b2d18b20d0bed180d0b3d0b0d0bdd0b8d0b7d0b0d186d0b8d0b820d0bfd180d0bed0b4d183d0bad182d0b8d0b2d0bdd18bd18520d0b2d0b8d0b4d0bed0b220d0b4d0b5d18fd182d0b5d0bbd18cd0bdd0bed181d182d0b8),
(36, 0xd09cd094d09a2e30322e303520d0a2d0b5d0bed180d0b8d18f20d0b820d0bcd0b5d182d0bed0b4d0b8d0bad0b020d0bcd183d0b7d18bd0bad0b0d0bbd18cd0bdd0bed0b3d0be20d0b2d0bed181d0bfd0b8d182d0b0d0bdd0b8d18f20d18120d0bfd180d0b0d0bad182d0b8d0bad183d0bcd0bed0bc),
(37, 0xd09ed180d0b3d0b0d0bdd0b8d0b7d0b0d186d0b8d18f20d0bad183d0bad0bed0bbd18cd0bdd0bed0b3d0be20d182d0b5d0b0d182d180d0b020d0b220d094d09ed09e20d18120d0bfd180d0b0d0bad182d0b8d0bad183d0bcd0bed0bc),
(38, 0xd09fd0b5d0b4d0b0d0b3d0bed0b3d0b8d0bad0b0),
(39, 0xd092d0bed0b7d180d0b0d181d182d0bdd0b0d18f20d0b0d0bdd0b0d182d0bed0bcd0b8d18f202c20d184d0b8d0b7d0b8d0bed0bbd0bed0b3d0b8d18f20d0b820d0b3d0b8d0b3d0b8d0b5d0bdd0b0),
(40, 0xd09fd181d0b8d185d0bed0bbd0bed0b3d0b8d18f),
(41, 0xd09cd094d09a2030312e30322e20d0a2d0b5d0bed180d0b5d182d0b8d187d0b5d181d0bad0b8d0b520d0b820d0bcd0b5d182d0bed0b4d0b8d187d0b5d181d0bad0b8d0b520d0bed181d0bdd0bed0b2d18b20d184d0b8d0b7d0b8d187d0b5d181d0bad0bed0b3d0be20d0b2d0bed181d0bfd0b8d182d0b0d0bdd0b8d18f20d0b820d180d0b0d0b7d0b2d0b8d182d0b8d18f20d0b4d0b5d182d0b5d0b920d180d0b0d0bdd0bdd0b5d0b3d0be),
(42, 0xd09cd094d09a2030312e30312ed09cd0b5d0b4d0b8d0bad0be2dd0b1d0b8d0bed0bbd0bed0b3d0b8d187d0b5d181d0bad0b8d0b520d0b820d181d0bed186d0b8d0b0d0bbd18cd0bdd18bd0b520d0bed181d0bdd0bed0b2d18b20d0b7d0b4d0bed180d0bed0b2d18cd18f),
(43, 0xd09cd094d09a2030312e30342e20d0a2d0b5d0bed180d0b5d182d0b8d187d0b5d181d0bad0b8d0b520d0bed181d0bdd0bed0b2d18b20d0bdd0b0d187d0b0d0bbd18cd0bdd0bed0b3d0be20d0bad183d180d181d0b020d0bcd0b0d182d0b5d0bcd0b0d182d0b8d0bad0b820d18120d0bcd0b5d182d0bed0b4d0b8d0bad0bed0b920d0bfd180d0b5d0bfd0bed0b4d0b0d0b2d0b0d0bdd0b8d18f),
(44, 0xd09cd094d09a2030342e30312e20d0a2d0b5d0bed180d0b5d182d0b8d187d0b5d181d0bad0b8d0b520d0b820d0bfd180d0b8d0bad0bbd0b0d0b4d0bdd18bd0b520d0b0d181d0bfd0b5d0bad182d18b20d0bcd0b5d182d0bed0b4d0b8d187d0b5d181d0bad0bed0b920d180d0b0d0b1d0bed182d18b20d183d187d0b8d182d0b5d0bbd18f20d0bdd0b0d187d0b0d0bbd18cd0bdd18bd18520d0bad0bbd0b0d181d181d0bed0b2),
(45, 0xd09cd094d09a2030312e30372e20d0a2d0b5d0bed180d0b8d18f20d0b820d0bcd0b5d182d0bed0b4d0b8d0bad0b020d184d0b8d0b7d0b8d187d0b5d181d0bad0bed0b3d0be20d0b2d0bed181d0bfd0b8d182d0b0d0bdd0b8d18f20d18120d0bfd180d0b0d0bad182d0b8d0bad183d0bcd0bed0bc),
(46, 0xd09cd094d09a2030312e30352e20d095d181d182d0b5d181d182d0b2d0bed0b7d0bdd0b0d0bdd0b8d0b520d18120d0bcd0b5d182d0bed0b4d0b8d0bad0bed0b920d0bfd180d0b5d0bfd0bed0b4d0b0d0b2d0b0d0bdd0b8d18f),
(47, 0xd09cd094d09a2030312e30322e20d0a0d183d181d181d0bad0b8d0b920d18fd0b7d18bd0ba20d18120d0bcd0b5d182d0bed0b4d0b8d0bad0bed0b920d0bfd180d0b5d0bfd0bed0b4d0b0d0b2d0b0d0bdd0b8d18f),
(48, 0xd09ed181d0bdd0bed0b2d18b20d184d0b8d0bbd0bed181d0bed184d0b8d0b8),
(49, 0xd09cd094d09a2030312e30362e20d09cd0b5d182d0bed0b4d0b8d0bad0b020d0bed0b1d183d187d0b5d0bdd0b8d18f20d0bfd180d0bed0b4d183d0bad182d0b8d0b2d0bdd18bd0bc20d0b2d0b8d0b4d0b0d0bc20d0b4d0b5d18fd182d0b5d0bbd18cd0bdd0bed181d182d0b820d18120d0bfd180d0b0d0bad182d0b8d0bad183d0bcd0bed0bc),
(50, 0xd09cd094d09a2030312e30332e20d094d0b5d182d181d0bad0b0d18f20d0bbd0b8d182d0b5d180d0b0d182d183d180d0b020d18120d0bfd180d0b0d0bad182d0b8d0bad183d0bcd0bed0bc20d0bfd0be20d0b2d18bd180d0b0d0b7d0b8d182d0b5d0bbd18cd0bdd0bed0bcd18320d187d182d0b5d0bdd0b8d18e),
(51, 0xd0a2d0b5d0bed180d0b5d182d0b8d187d0b5d181d0bad0b8d0b520d0bed181d0bdd0bed0b2d18b20d0bad0bed0bcd0bfd0b5d0bdd181d0b8d180d183d18ed189d0b5d0b3d0be20d0b820d0bad0bed180d180d0b5d0bad186d0b8d0bed0bdd0bdd0be2dd180d0b0d0b7d0b2d0b8d0b2d0b0d18ed189d0b5d0b3d0be20d0bed0b1d180d0b0d0b7d0bed0b2d0b0d0bdd0b8d18f20d0b220d0bdd0b0d187d0b0d0bbd18cd0bdd18bd18520d0bad0bbd0b0d181d181d0b0d185),
(52, 0xd09fd180d0b0d0bad182d0b8d0bad183d0bc20d0bfd0be20d0bad0b0d0bbd0bbd0b8d0b3d180d0b0d184d0b8d0b8),
(53, 0xd09ed181d0bdd0bed0b2d18b20d180d0b5d0bbd0b8d0b3d0b8d0bed0b7d0bdd0bed0b920d0bad183d0bbd18cd182d183d180d18b20d0b820d181d0b2d0b5d182d181d0bad0bed0b920d18dd182d0b8d0bad0b8),
(54, 0x322ed098d0bdd184d0bed180d0bcd0b0d182d0b8d0bad0b020d0b820d098d09ad0a220d0b220d0bfd180d0bed184d0b5d181d181d0b8d0bed0bdd0b0d0bbd18cd0bdd0bed0b920d0b4d0b5d18fd182d0b5d0bbd18cd0bdd0bed181d182d0b8),
(55, 0xd0a0d183d181d181d0bad0b8d0b920d18fd0b7d18bd0ba20d0b820d0bad183d0bbd18cd182d183d180d0b020d180d0b5d187d0b8),
(56, 0x312ed098d0bdd184d0bed180d0bcd0b0d182d0b8d0bad0b020d0b820d098d09ad0a220d0b220d0bfd180d0bed184d0b5d181d181d0b8d0bed0bdd0b0d0bbd18cd0bdd0bed0b920d0b4d0b5d18fd182d0b5d0bbd18cd0bdd0bed181d182d0b8),
(57, 0xd09cd094d09a2030342e303220d098d0bdd0bad0bbd18ed0b7d0b8d0b2d0bdd0bed0b520d0bed0b1d183d187d0b5d0bdd0b8d0b520d0b820d0b2d0bed181d0bfd0b8d182d0b0d0bdd0b8d0b520d0bcd0bbd0b0d0b4d188d0b8d18520d188d0bad0bed0bbd18cd0bdd0b8d0bad0bed0b2),
(58, 0xd09ed181d0bdd0bed0b2d18b20d0bfd180d0b5d0b4d0bfd180d0b5d0bdd0b8d0bcd0b0d182d0b5d0bbd18cd181d0bad0bed0b920d0b4d0b5d18fd182d0b5d0bbd18cd0bdd0bed181d182d0b820d0b220d0bed0b1d0bbd0b0d181d182d0b820d0b8d0bdd184d0bed180d0bcd0b0d186d0b8d0bed0bdd0bdd18bd18520d182d0b5d185d0bdd0bed0bbd0bed0b3d0b8d0b9),
(59, 0xd09cd094d09a2030312e30382e20d0a2d0b5d0bed180d0b8d18f20d0b820d0bcd0b5d182d0bed0b4d0b8d0bad0b020d0bcd183d0b7d18bd0bad0b0d0bbd18cd0bdd0bed0b3d0be20d0b2d0bed181d0bfd0b8d182d0b0d0bdd0b8d18f20d18120d0bfd180d0b0d0bad182d0b8d0bad183d0bcd0bed0bc),
(60, 0xd09fd181d0b8d185d0bed0bbd0bed0b3d0b8d18f20d0bed0b1d189d0b5d0bdd0b8d18f),
(61, 0xd09cd094d09a2030332e30312ed0a2d0b5d0bed180d0b5d182d0b8d187d0b5d181d0bad0b8d0b520d0b820d0bcd0b5d182d0bed0b4d0b8d187d0b5d181d0bad0b8d0b520d0bed181d0bdd0bed0b2d18b20d0b4d0b5d18fd182d0b5d0bbd18cd0bdd0bed181d182d0b820d0bad0bbd0b0d181d181d0bdd0bed0b3d0be20d180d183d0bad0bed0b2d0bed0b4d0b8d182d0b5d0bbd18f),
(62, 0xd09cd094d09a2e30312e303120d0a2d0b5d0bed180d0b5d182d0b8d187d0b5d181d0bad0b8d0b520d0bed181d0bdd0bed0b2d18b20d0bed0b1d183d187d0b5d0bdd0b8d18f20d0b220d0bdd0b0d187d0b0d0bbd18cd0bdd18bd18520d0bad0bbd0b0d181d181d0b0d18520d0b820d0bdd0b0d187d0b0d0bbd18cd0bdd18bd18520d0bad0bbd0b0d181d181d0b0d18520d0bad0bed0bcd0bfd0b5d0bdd181d0b8d180d183d18ed189d0b5d0b3d0be),
(63, 0xd098d0bdd0bad0bbd18ed0b7d0b8d0b2d0bdd0bed0b520d0bed0b1d180d0b0d0b7d0bed0b2d0b0d0bdd0b8d0b5),
(64, 0xd09cd094d09a2e30312e303820d0a2d0b5d0bed180d0b8d18f20d0b820d0bcd0b5d182d0bed0b4d0b8d0bad0b020d0bcd183d0b7d18bd0bad0b0d0bbd18cd0bdd0bed0b3d0be20d0b2d0bed181d0bfd0b8d182d0b0d0bdd0b8d18f20d18120d0bfd180d0b0d0bad182d0b8d0bad183d0bcd0bed0bc),
(65, 0x322ed098d0bdd0b6d0b5d0bdd0b5d180d0bdd0b0d18f20d0b3d180d0b0d184d0b8d0bad0b0),
(66, 0x312ed098d0bdd0bed181d182d180d0b0d0bdd0bdd18bd0b920d18fd0b7d18bd0ba20d0b220d0bfd180d0bed184d0b5d181d181d0b8d0bed0bdd0b0d0bbd18cd0bdd0bed0b920d0b4d0b5d18fd182d0b5d0bbd18cd0bdd0bed181d182d0b8),
(67, 0x322ed098d0bdd0bed181d182d180d0b0d0bdd0bdd18bd0b920d18fd0b7d18bd0ba20d0b220d0bfd180d0bed184d0b5d181d181d0b8d0bed0bdd0b0d0bbd18cd0bdd0bed0b920d0b4d0b5d18fd182d0b5d0bbd18cd0bdd0bed181d182d0b8),
(68, 0xd0a2d0b5d185d0bdd0bed0bbd0bed0b3d0b8d18f20d0bed182d180d0b0d181d0bbd0b820d0b820d0bed0b1d0bed180d183d0b4d0bed0b2d0b0d0bdd0b8d0b5),
(69, 0xd09cd094d09a2e30322e303120d09cd0b5d182d0bed0b4d0b8d0bad0b020d0bed180d0b3d0b0d0bdd0b8d0b7d0b0d186d0b8d0b820d0b4d0bed181d183d0b3d0bed0b2d18bd18520d0bcd0b5d180d0bed0bfd180d0b8d18fd182d0b8d0b9),
(70, 0x312ed09cd094d09a2e30312e303220d09fd0bed0b4d0b3d0bed182d0bed0b2d0bad0b020d0bfd0b5d0b4d0b0d0b3d0bed0b3d0b020d0b4d0bed0bfd0bed0bbd0bdd0b8d182d0b5d0bbd18cd0bdd0bed0b3d0be20d0bed0b1d180d0b0d0b7d0bed0b2d0b0d0bdd0b8d18f),
(71, 0x322ed09cd094d09a2e30312e303220d09fd0bed0b4d0b3d0bed182d0bed0b2d0bad0b020d0bfd0b5d0b4d0b0d0b3d0bed0b3d0b020d0b4d0bed0bfd0bed0bbd0bdd0b8d182d0b5d0bbd18cd0bdd0bed0b3d0be20d0bed0b1d180d0b0d0b7d0bed0b2d0b0d0bdd0b8d18f),
(72, 0xd09cd094d09a2e30312e303120d09cd0b5d182d0bed0b4d0b8d0bad0b020d0bfd180d0b5d0bfd0bed0b4d0b0d0b2d0b0d0bdd0b8d18f20d0bfd0be20d0bfd180d0bed0b3d180d0b0d0bcd0bcd0b0d0bc20d0b4d0bed0bfd0bed0bbd0bdd0b8d182d0b5d0bbd18cd0bdd0bed0b3d0be20d0bed0b1d180d0b0d0b7d0bed0b2d0b0d0bdd0b8d18f),
(73, 0xd0add0bad0bed0bbd0bed0b3d0b8d187d0b5d181d0bad0b8d0b520d0bed181d0bdd0bed0b2d18b20d0bfd180d0b8d180d0bed0b4d0bed0bfd0bed0bbd18cd0b7d0bed0b2d0b0d0bdd0b8d18f),
(74, 0xd09cd094d09a2e30332e303120d0a2d0b5d0bed180d0b5d182d0b8d187d0b5d181d0bad0b8d0b520d0b820d0bfd180d0b8d0bad0bbd0b0d0b4d0bdd18bd0b520d0b0d181d0bfd0b5d0bad182d18b20d0bcd0b5d182d0bed0b4d0b8d187d0b5d181d0bad0bed0b920d180d0b0d0b1d0bed182d18b20d0bfd0b5d0b4d0b0d0b3d0bed0b3d0b020d0b4d0bed0bfd0bed0bbd0bdd0b8d182d0b5d0bbd18cd0bdd0bed0b3d0be),
(75, 0xd094d0bed0bfd0bed0bbd0bdd0b8d182d0b5d0bbd18cd0bdd0bed0b520d0bed0b1d180d0b0d0b7d0bed0b2d0b0d0bdd0b8d0b520d0b4d0b5d182d0b5d0b93a20d0b8d181d182d0bed180d0b8d18f20d0b820d181d0bed0b2d180d0b5d0bcd0b5d0bdd0bdd0bed181d182d18c),
(76, 0xd0add0bbd0b5d0bcd0b5d0bdd182d18b20d0b2d18bd181d188d0b5d0b920d0bcd0b0d182d0b5d0bcd0b0d182d0b8d0bad0b8),
(77, 0xd09ed181d0bdd0bed0b2d18b20d18dd0bbd0b5d0bad182d180d0bed182d0b5d185d0bdd0b8d0bad0b8),
(78, 0xd09ed0bfd0b5d180d0b0d186d0b8d0bed0bdd0bdd18bd0b520d181d0b8d181d182d0b5d0bcd18b20d0b820d181d180d0b5d0b4d18b),
(79, 0x322ed098d0bdd184d0bed180d0bcd0b0d186d0b8d0bed0bdd0bdd18bd0b520d182d0b5d185d0bdd0bed0bbd0bed0b3d0b8d0b8),
(80, 0x312ed098d0bdd184d0bed180d0bcd0b0d186d0b8d0bed0bdd0bdd18bd0b520d182d0b5d185d0bdd0bed0bbd0bed0b3d0b8d0b8),
(81, 0x322ed098d0bdd0b6d0b5d0bdd0b5d180d0bdd0b0d18f20d0bad0bed0bcd0bfd18cd18ed182d0b5d180d0bdd0b0d18f20d0b3d180d0b0d184d0b8d0bad0b0),
(82, 0xd0a2d0b5d0bed180d0b8d18f20d0b2d0b5d180d0bed18fd182d0bdd0bed181d182d0b5d0b920d0b820d0bcd0b0d182d0b5d0bcd0b0d182d0b8d187d0b5d181d0bad0b0d18f20d181d182d0b0d182d0b8d181d182d0b8d0bad0b0),
(83, 0xd090d180d185d0b8d182d0b5d0bad182d183d180d0b020d0b0d0bfd0bfd0b0d180d0b0d182d0bdd18bd18520d181d180d0b5d0b4d181d182d0b2),
(84, 0xd094d0b8d181d0bad180d0b5d182d0bdd0b0d18f20d0bcd0b0d182d0b5d0bcd0b0d182d0b8d0bad0b0),
(85, 0xd0a2d0b5d185d0bdd0bed0bbd0bed0b3d0b8d0b820d184d0b8d0b7d0b8d187d0b5d181d0bad0bed0b3d0be20d183d180d0bed0b2d0bdd18f20d0bfd0b5d180d0b5d0b4d0b0d187d0b820d0b4d0b0d0bdd0bdd18bd185),
(86, 0xd09ed181d0bdd0bed0b2d18b20d182d0b5d0bed180d0b8d0b820d0b8d0bdd184d0bed180d0bcd0b0d186d0b8d0b8),
(87, 0xd09cd094d09a2e30312e303520d095d181d182d0b5d181d182d0b2d0bed0b7d0bdd0b0d0bdd0b8d0b520d18120d0bcd0b5d182d0bed0b4d0b8d0bad0bed0b920d0bfd180d0b5d0bfd0bed0b4d0b0d0b2d0b0d0bdd0b8d18f),
(88, 0xd09cd094d09a2e30312e303220d0a0d183d181d181d0bad0b8d0b920d18fd0b7d18bd0ba20d18120d0bcd0b5d182d0bed0b4d0b8d0bad0bed0b920d0bfd180d0b5d0bfd0bed0b4d0b0d0b2d0b0d0bdd0b8d18f),
(89, 0xd09cd094d09a2e30312e303420d0a2d0b5d0bed180d0b5d182d0b8d187d0b5d181d0bad0b8d0b520d0bed181d0bdd0bed0b2d18b20d0bdd0b0d187d0b0d0bbd18cd0bdd0bed0b3d0be20d0bad183d180d181d0b020d0bcd0b0d182d0b5d0bcd0b0d182d0b8d0bad0b820d18120d0bcd0b5d182d0bed0b4d0b8d0bad0bed0b920d0bfd180d0b5d0bfd0bed0b4d0b0d0b2d0b0d0bdd0b8d18f),
(90, 0xd09cd094d09a2e30312e303720d0a2d0b5d0bed180d0b8d18f20d0b820d0bcd0b5d182d0bed0b4d0b8d0bad0b020d184d0b8d0b7d0b8d187d0b5d181d0bad0bed0b3d0be20d0b2d0bed181d0bfd0b8d182d0b0d0bdd0b8d18f20d18120d0bfd180d0b0d0bad182d0b8d0bad183d0bcd0bed0bc),
(91, 0xd09fd180d0b0d0b2d0bed0b2d0bed0b520d0bed0b1d0b5d181d0bfd0b5d187d0b5d0bdd0b8d0b520d0b220d0bfd180d0bed184d0b5d181d181d0b8d0bed0bdd0b0d0bbd18cd0bdd0bed0b920d0b4d0b5d18fd182d0b5d0bbd18cd0bdd0bed181d182d0b8),
(92, 0xd0a2d0b5d0bed180d0b5d182d0b8d187d0b5d181d0bad0b8d0b520d0b820d0bcd0b5d182d0bed0b4d0b8d187d0b5d181d0bad0b8d0b520d0bed181d0bdd0bed0b2d18b20d0bed0b1d180d0b0d0b7d0bed0b2d0b0d182d0b5d0bbd18cd0bdd0bed0b920d180d0bed0b1d0bed182d0bed182d0b5d185d0bdd0b8d0bad0b8),
(93, 0xd09cd094d09a2e30312e303620d09cd0b5d182d0bed0b4d0b8d0bad0b020d0bed0b1d183d187d0b5d0bdd0b8d18f20d0bfd180d0bed0b4d183d0bad182d0b8d0b2d0bdd18bd0bc20d0b2d0b8d0b4d0b0d0bc20d0b4d0b5d18fd182d0b5d0bbd18cd0bdd0bed181d182d0b820d18120d0bfd180d0b0d0bad182d0b8d0bad183d0bcd0bed0bc),
(94, 0xd09cd094d09a2e30312e303320d094d0b5d182d181d0bad0b0d18f20d0bbd0b8d182d0b5d180d0b0d182d183d180d0b020d18120d0bfd180d0b0d0bad182d0b8d0bad183d0bcd0bed0bc20d0bfd0be20d0b2d18bd180d0b0d0b7d0b8d182d0b5d0bbd18cd0bdd0bed0bcd18320d187d182d0b5d0bdd0b8d18e);

-- --------------------------------------------------------

--
-- Структура таблицы `rooms`
--

CREATE TABLE `rooms` (
  `id` int(11) NOT NULL,
  `name` blob
) ENGINE=InnoDB DEFAULT CHARSET=utf8 COLLATE=utf8_bin;

--
-- Дамп данных таблицы `rooms`
--

INSERT INTO `rooms` (`id`, `name`) VALUES
(1, 0x313130),
(2, 0x2d),
(3, 0x313037),
(4, 0x313035),
(5, 0x343232),
(6, 0x343136),
(7, 0x323232),
(8, 0x343132),
(9, 0x343133),
(10, 0x313132),
(11, 0x333131),
(12, 0x333038),
(13, 0x343131),
(14, 0x323135),
(15, 0x333039),
(16, 0x3132392028d09ed0b1d18929),
(17, 0x343139),
(18, 0x333036),
(19, 0xd0a1d0bfd0bed180d18220d0b7d0b0d0bb),
(20, 0x323235),
(21, 0x343235),
(22, 0x343039),
(23, 0x333035),
(24, 0x343130),
(25, 0x313039),
(26, 0x333031),
(27, 0x323234),
(28, 0x313032),
(29, 0x323131),
(30, 0x323233),
(31, 0x333132),
(32, 0x333135),
(33, 0x343134),
(34, 0x343135);

-- --------------------------------------------------------

--
-- Структура таблицы `teachers`
--

CREATE TABLE `teachers` (
  `id` int(11) NOT NULL,
  `name` blob
) ENGINE=InnoDB DEFAULT CHARSET=utf8 COLLATE=utf8_bin;

--
-- Дамп данных таблицы `teachers`
--

INSERT INTO `teachers` (`id`, `name`) VALUES
(1, 0xd09bd0b8d181d0b8d0bdd0b020d0952e20d0922e),
(2, 0xd091d0bed180d0bed0b4d0b8d0bdd0b020d0a12e20d0922e),
(3, 0xd09bd0b8d181d0b8d0bd20d0902e20d0902e),
(4, 0xd09ad0b0d0bbd0b8d0bdd0bed0b2d181d0bad0b0d18f20d0a12e20d0902e),
(5, 0xd090d180d0b5d184d18cd0b5d0b220d0952e20d0902e),
(6, 0xd090d0b9d0b7d18fd182d0bed0b2d0b020d0932e20d0932e),
(7, 0xd093d0bed0bbd0b5d0bdd0b4d183d185d0b8d0bdd0b020d0a22e20d0a02e),
(8, 0xd0a1d0b0d0bdd0b4d0b0d0bad0bed0b2d0b020d0942e20d09d2e),
(9, 0xd092d0b0d0bad0b0d0bdd181d0b8d18f),
(10, 0xd0a7d0b5d0b9d0bcd0b5d182d0bed0b2d0b020d0a22e20d0922e),
(11, 0xd0a1d0b0d185d0b0d180d0b8d182d0bed0b2d0b020d09d2e20d09d2e),
(12, 0xd092d0bed185d0bcd0b5d0bdd186d0b5d0b2d0b020d0a22e20d09d2e),
(13, 0xd09bd0b0d0b3d0bed185d0b8d0bd20d0902e20d09f2e),
(14, 0xd091d0b5d0bad188d0b5d0bdd0b5d0b2d0b020d0932e20d0a52e),
(15, 0xd0a0d183d181d0b0d0bad0bed0b220d09c2e20d0ae2e),
(16, 0xd0a3d180d183d181d0bed0b220d0902e20d0902e),
(17, 0xd09dd183d0b3d0bcd0b0d0bdd0bed0b220d0922e20d09d2e),
(18, 0xd0a4d0b8d181d0b5d0bdd0bad0be20d0952e20d09c2e),
(19, 0xd0a0d0bed0bcd0b0d0bdd0b5d0bdd0bad0be20d0a12e20d0922e),
(20, 0xd090d0bfd185d0b0d0b4d0b7d0b520d09d2e20d0902e),
(21, 0xd09fd0bed181d0bed185d0bed0b2d0b020d09c2e20d0902e),
(22, 0xd09cd0bed181d0bed0bb20d0a12e20d0922e),
(23, 0xd0a8d0b5d181d182d0bed0bfd0b0d0bbd0bed0b2d0b020d0952e20d0902e),
(24, 0xd09ad0bbd0b8d0bcd0bed0b2d0b8d18720d09d2e20d09f2e),
(25, 0xd0a1d0b8d0b7d0bed0b2d0b020d09a2e20d09d2e),
(26, 0xd092d182d0bed180d183d188d0b8d0bdd0b020d0ae2e20d0902e),
(27, 0xd09ad0b0d0bbd183d0b3d0b8d0bdd0b020d0a12e20d0922e),
(28, 0xd09fd180d0bed181d0b2d0b5d180d0b5d0bdd0bdd0b8d0bad0bed0b2d0b020d0a12e20d0902e),
(29, 0xd09cd0b8d185d0b5d0b5d0b2d0b020d09b2e20d0922e),
(30, 0xd09ad183d180d0bed0b5d0b4d0bed0b2d0b020d0a22e20d0902e),
(31, 0xd093d0bed180d188d183d0bdd0bed0b2d0b020d0a12e20d0922e),
(32, 0xd0a8d0b8d0bfd183d0bdd0bed0b2d0b020d09e2e20d0922e),
(33, 0xd0a3d0b6d0b0d0bdd0bed0b2d0b020d0a22e20d09b2e),
(34, 0xd0a2d0b8d0bcd0bed184d0b5d0b5d0b220d09f2e20d09d2e),
(35, 0xd09fd0b5d180d0bcd18fd0bad0bed0b2d0b020d09b2e20d09f2e),
(36, 0xd0a0d0b0d0b3d0bed0b7d0b8d0bdd0b020d0a22e20d09c2e),
(37, 0xd09cd183d185d0b0d0bcd0b5d0b4d0b6d0b0d0bdd0bed0b2d0b020d0972e20d0912e),
(38, 0xd0a2d183d0bbd0b8d0bdd0b020d09d2e20d0912e),
(39, 0xd092d0b5d180d0b3d183d0bdd0bed0b2d0b020d0a22e20d0972e),
(40, 0xd09fd0b0d0b2d0bbd0bed0b2d0b020d09d2e20d0932e),
(41, 0xd0a1d183d188d0bad0bed0b2d0b020d0902e20d0902e),
(42, 0xd09bd0b8d182d0b2d0b8d0bdd0bed0b2d0b020d0902e20d0922e),
(43, 0xd09dd0bed180d0b8d0bdd0b020d09d2e20d09d2e),
(44, 0xd09bd0b8d182d183d18120d0902e20d0902e),
(45, 0xd090d0bbd0b5d180d181d0bad0b0d18f20d09d2e20d0922e),
(46, 0xd097d0b2d0bed0bdd0b0d180d0b5d0b2d0b020d0982e20d09c2e),
(47, 0xd098d0b3d0bdd0b0d182d0bed0b2d0b020d0a12e20d09c2e),
(48, 0xd0a0d0b0d188d0b5d0b2d181d0bad0b0d18f20d0a12e20d0a42e),
(49, 0xd091d0b0d0b9d0bad0b8d0bdd0b020d0982e20d09b2e),
(50, 0xd093d183d0bbd18fd0b5d0b220d0982e20d09f2e),
(51, 0xd09fd0bed0bbd0b8d189d183d0ba20d0902e20d0902e);

-- --------------------------------------------------------

--
-- Структура таблицы `timetable`
--

CREATE TABLE `timetable` (
  `id` int(11) NOT NULL,
  `groupname` int(11) DEFAULT NULL,
  `day` int(11) DEFAULT NULL,
  `number` int(11) DEFAULT NULL,
  `lesson` int(11) DEFAULT NULL,
  `teacher` int(11) DEFAULT NULL,
  `room` int(11) DEFAULT NULL
) ENGINE=InnoDB DEFAULT CHARSET=utf8 COLLATE=utf8_bin;

--
-- Дамп данных таблицы `timetable`
--

INSERT INTO `timetable` (`id`, `groupname`, `day`, `number`, `lesson`, `teacher`, `room`) VALUES
(1, 1, 1, 4, 1, 1, 1),
(2, 1, 1, 5, 1, 1, 1),
(3, 1, 1, 6, 1, 1, 1),
(4, 1, 1, 7, 1, 1, 1),
(5, 1, 1, 8, 2, 2, 2),
(6, 1, 1, 9, 2, 2, 2),
(7, 1, 1, 10, 2, 2, 2),
(8, 1, 2, 5, 3, 3, 3),
(9, 1, 2, 6, 3, 3, 3),
(10, 1, 2, 7, 4, 4, 2),
(11, 1, 2, 8, 4, 4, 2),
(12, 1, 2, 9, 5, 5, 2),
(13, 1, 2, 10, 5, 5, 2),
(14, 1, 3, 2, 6, 4, 2),
(15, 1, 3, 3, 6, 4, 2),
(16, 1, 3, 4, 6, 4, 2),
(17, 1, 3, 5, 1, 1, 1),
(18, 1, 3, 6, 1, 1, 1),
(19, 1, 3, 7, 4, 4, 2),
(20, 1, 3, 8, 4, 4, 2),
(21, 1, 4, 1, 5, 5, 2),
(22, 1, 4, 2, 5, 5, 2),
(23, 1, 4, 3, 5, 5, 2),
(24, 1, 4, 4, 5, 5, 2),
(25, 1, 4, 5, 7, 6, 2),
(26, 1, 4, 5, 8, 7, 2),
(27, 1, 4, 6, 7, 6, 2),
(28, 1, 4, 6, 8, 7, 2),
(29, 1, 4, 7, 3, 3, 3),
(30, 1, 4, 8, 3, 3, 3),
(31, 1, 5, 3, 9, 8, 2),
(32, 1, 5, 4, 9, 8, 2),
(33, 1, 5, 5, 3, 3, 3),
(34, 1, 5, 6, 3, 3, 3),
(35, 1, 5, 7, 3, 3, 3),
(36, 1, 6, 2, 10, 9, 2),
(37, 1, 6, 3, 10, 9, 2),
(38, 1, 6, 4, 10, 9, 2),
(39, 2, 1, 1, 11, 2, 4),
(40, 2, 1, 2, 11, 2, 4),
(41, 2, 1, 3, 9, 8, 2),
(42, 2, 1, 4, 9, 8, 2),
(43, 2, 1, 5, 12, 10, 2),
(44, 2, 1, 6, 12, 10, 2),
(45, 2, 1, 7, 13, 5, 2),
(46, 2, 1, 8, 13, 5, 2),
(47, 2, 2, 1, 14, 11, 5),
(48, 2, 2, 2, 14, 7, 2),
(49, 2, 2, 3, 15, 5, 2),
(50, 2, 2, 4, 15, 5, 2),
(51, 2, 2, 5, 16, 9, 1),
(52, 2, 2, 6, 16, 9, 1),
(53, 2, 2, 7, 17, 12, 2),
(54, 2, 2, 8, 17, 12, 2),
(55, 2, 3, 1, 18, 2, 4),
(56, 2, 3, 2, 18, 2, 4),
(57, 2, 3, 3, 17, 12, 2),
(58, 2, 3, 4, 19, 13, 2),
(59, 2, 3, 5, 19, 13, 2),
(60, 2, 3, 6, 13, 5, 6),
(61, 2, 3, 6, 12, 10, 2),
(62, 2, 3, 7, 13, 5, 6),
(63, 2, 3, 7, 12, 10, 2),
(64, 2, 5, 1, 20, 14, 7),
(65, 2, 5, 2, 20, 14, 7),
(66, 2, 5, 3, 20, 14, 7),
(67, 2, 5, 4, 11, 2, 4),
(68, 2, 6, 6, 21, 15, 2),
(69, 2, 6, 7, 21, 15, 2),
(70, 2, 6, 8, 21, 15, 2),
(71, 3, 1, 1, 1, 1, 1),
(72, 3, 1, 2, 1, 1, 1),
(73, 3, 1, 3, 2, 2, 4),
(74, 3, 1, 4, 2, 2, 4),
(75, 3, 1, 5, 3, 13, 8),
(76, 3, 1, 6, 3, 13, 8),
(77, 3, 1, 7, 4, 4, 2),
(78, 3, 1, 8, 4, 4, 2),
(79, 3, 2, 1, 3, 13, 8),
(80, 3, 2, 2, 3, 13, 8),
(81, 3, 2, 3, 4, 4, 2),
(82, 3, 2, 4, 4, 4, 2),
(83, 3, 3, 5, 6, 4, 9),
(84, 3, 3, 6, 6, 4, 9),
(85, 3, 3, 7, 14, 7, 10),
(86, 3, 3, 8, 14, 7, 10),
(87, 3, 4, 5, 1, 1, 1),
(88, 3, 4, 6, 1, 1, 1),
(89, 3, 4, 7, 3, 13, 8),
(90, 3, 4, 8, 3, 13, 8),
(91, 3, 4, 9, 3, 13, 8),
(92, 3, 4, 10, 2, 2, 4),
(93, 3, 5, 1, 9, 16, 2),
(94, 3, 5, 2, 9, 16, 2),
(95, 3, 5, 3, 6, 4, 9),
(96, 3, 5, 4, 5, 5, 2),
(97, 3, 5, 5, 5, 5, 2),
(98, 3, 5, 6, 5, 5, 2),
(99, 3, 6, 3, 5, 5, 2),
(100, 3, 6, 4, 5, 5, 2),
(101, 3, 6, 5, 5, 5, 2),
(102, 3, 6, 6, 1, 1, 2),
(103, 3, 6, 7, 1, 1, 2),
(104, 3, 6, 8, 10, 9, 2),
(105, 3, 6, 9, 10, 9, 2),
(106, 3, 6, 10, 10, 9, 2),
(107, 4, 1, 1, 18, 17, 2),
(108, 4, 1, 2, 18, 17, 2),
(109, 4, 1, 3, 19, 13, 2),
(110, 4, 1, 4, 19, 13, 2),
(111, 4, 1, 5, 9, 8, 2),
(112, 4, 1, 6, 9, 8, 2),
(113, 4, 1, 7, 13, 10, 2),
(114, 4, 1, 8, 13, 10, 2),
(115, 4, 2, 1, 20, 14, 2),
(116, 4, 2, 2, 20, 14, 2),
(117, 4, 2, 3, 17, 12, 11),
(118, 4, 2, 4, 17, 12, 11),
(119, 4, 2, 5, 17, 12, 11),
(120, 4, 3, 2, 13, 10, 2),
(121, 4, 3, 3, 13, 10, 2),
(122, 4, 3, 6, 12, 18, 2),
(123, 4, 3, 7, 12, 18, 2),
(124, 4, 4, 2, 20, 14, 2),
(125, 4, 4, 3, 7, 6, 10),
(126, 4, 4, 3, 8, 7, 2),
(127, 4, 4, 4, 7, 6, 10),
(128, 4, 4, 4, 8, 7, 2),
(129, 4, 4, 5, 15, 5, 2),
(130, 4, 4, 6, 15, 5, 2),
(131, 4, 4, 7, 11, 2, 4),
(132, 4, 4, 8, 11, 2, 4),
(133, 4, 4, 9, 11, 2, 4),
(134, 4, 5, 5, 12, 18, 6),
(135, 4, 5, 6, 12, 18, 6),
(136, 4, 6, 1, 16, 9, 1),
(137, 4, 6, 2, 16, 9, 1),
(138, 4, 6, 3, 21, 15, 2),
(139, 4, 6, 4, 21, 15, 2),
(140, 4, 6, 5, 21, 15, 2),
(141, 6, 2, 1, 22, 5, 2),
(142, 6, 2, 2, 22, 5, 2),
(143, 6, 2, 3, 7, 6, 10),
(144, 6, 2, 3, 8, 7, 2),
(145, 6, 2, 4, 7, 6, 10),
(146, 6, 2, 4, 8, 7, 2),
(147, 6, 2, 5, 6, 4, 2),
(148, 6, 2, 6, 6, 4, 2),
(149, 6, 4, 6, 6, 4, 2),
(150, 6, 4, 7, 9, 16, 2),
(151, 6, 4, 8, 9, 16, 2),
(152, 6, 4, 9, 4, 19, 12),
(153, 6, 4, 10, 4, 19, 12),
(154, 6, 4, 11, 10, 19, 2),
(155, 6, 5, 1, 22, 5, 2),
(156, 6, 5, 2, 22, 5, 2),
(157, 6, 5, 3, 22, 5, 2),
(158, 6, 5, 4, 6, 4, 2),
(159, 6, 5, 5, 6, 4, 2),
(160, 6, 6, 1, 10, 19, 2),
(161, 6, 6, 2, 10, 19, 2),
(162, 6, 6, 3, 23, 20, 2),
(163, 6, 6, 3, 24, 9, 2),
(164, 6, 6, 4, 23, 20, 2),
(165, 6, 6, 4, 24, 9, 2),
(166, 6, 6, 5, 23, 20, 2),
(167, 6, 6, 5, 24, 9, 2),
(168, 6, 6, 6, 22, 5, 2),
(169, 6, 6, 7, 22, 5, 2),
(170, 6, 6, 8, 22, 5, 2),
(171, 8, 4, 1, 14, 11, 2),
(172, 8, 4, 2, 14, 11, 2),
(173, 10, 1, 3, 25, 21, 2),
(174, 10, 1, 4, 25, 21, 2),
(175, 10, 1, 5, 25, 21, 2),
(176, 10, 1, 6, 26, 22, 13),
(177, 10, 1, 7, 26, 22, 13),
(178, 10, 1, 8, 27, 23, 14),
(179, 10, 1, 9, 27, 23, 14),
(180, 10, 1, 10, 27, 23, 14),
(181, 10, 2, 1, 28, 24, 15),
(182, 10, 2, 2, 28, 24, 15),
(183, 10, 2, 3, 4, 19, 12),
(184, 10, 2, 4, 25, 21, 2),
(185, 10, 2, 5, 25, 21, 2),
(186, 10, 2, 6, 28, 24, 15),
(187, 10, 2, 7, 28, 24, 15),
(188, 10, 2, 8, 28, 24, 15),
(189, 10, 3, 6, 26, 22, 13),
(190, 10, 3, 7, 26, 22, 13),
(191, 10, 3, 8, 26, 22, 13),
(192, 10, 3, 9, 28, 24, 15),
(193, 10, 3, 10, 28, 24, 15),
(194, 10, 3, 11, 29, 25, 2),
(195, 10, 4, 1, 14, 11, 2),
(196, 10, 4, 2, 14, 11, 2),
(197, 10, 4, 3, 9, 16, 16),
(198, 10, 4, 4, 9, 16, 16),
(199, 10, 4, 5, 28, 24, 15),
(200, 10, 4, 6, 28, 24, 15),
(201, 10, 4, 7, 4, 19, 12),
(202, 10, 4, 8, 4, 19, 12),
(203, 10, 5, 3, 29, 25, 2),
(204, 10, 5, 4, 29, 25, 2),
(205, 10, 5, 5, 27, 23, 14),
(206, 10, 5, 6, 27, 23, 14),
(207, 10, 5, 7, 25, 21, 2),
(208, 10, 5, 8, 25, 21, 2),
(209, 10, 5, 9, 14, 26, 2),
(210, 10, 5, 10, 14, 26, 2),
(211, 11, 1, 3, 4, 4, 2),
(212, 11, 1, 4, 4, 4, 2),
(213, 11, 1, 5, 7, 11, 17),
(214, 11, 1, 5, 8, 27, 2),
(215, 11, 1, 6, 7, 11, 17),
(216, 11, 1, 6, 8, 27, 2),
(217, 11, 1, 7, 30, 28, 18),
(218, 11, 1, 8, 30, 28, 18),
(219, 11, 1, 9, 31, 29, 2),
(220, 11, 1, 10, 31, 29, 2),
(221, 11, 2, 1, 9, 16, 19),
(222, 11, 2, 2, 9, 16, 19),
(223, 11, 2, 3, 32, 28, 18),
(224, 11, 2, 4, 32, 28, 18),
(225, 11, 2, 5, 30, 28, 18),
(226, 11, 2, 6, 30, 28, 18),
(227, 11, 3, 1, 33, 23, 20),
(228, 11, 3, 2, 33, 23, 20),
(229, 11, 3, 3, 33, 23, 20),
(230, 11, 3, 4, 34, 30, 21),
(231, 11, 3, 5, 34, 30, 21),
(232, 11, 3, 6, 25, 30, 2),
(233, 11, 3, 7, 25, 30, 2),
(234, 11, 3, 8, 25, 30, 2),
(235, 11, 4, 3, 4, 4, 2),
(236, 11, 4, 4, 4, 4, 2),
(237, 11, 4, 5, 4, 4, 2),
(238, 11, 4, 6, 31, 29, 2),
(239, 11, 4, 7, 31, 29, 2),
(240, 11, 4, 8, 35, 28, 18),
(241, 11, 4, 9, 32, 28, 18),
(242, 11, 4, 10, 32, 28, 18),
(243, 11, 5, 5, 25, 30, 2),
(244, 11, 5, 6, 25, 30, 2),
(245, 11, 5, 7, 34, 30, 21),
(246, 11, 5, 8, 34, 30, 21),
(247, 11, 5, 9, 35, 28, 18),
(248, 11, 5, 10, 35, 28, 18),
(249, 12, 1, 3, 7, 11, 17),
(250, 12, 1, 3, 8, 27, 2),
(251, 12, 1, 4, 7, 11, 17),
(252, 12, 1, 4, 8, 27, 2),
(253, 12, 1, 5, 4, 4, 9),
(254, 12, 1, 6, 4, 4, 9),
(255, 12, 1, 7, 25, 30, 2),
(256, 12, 1, 8, 25, 30, 2),
(257, 12, 1, 9, 34, 30, 2),
(258, 12, 1, 10, 34, 30, 2),
(259, 12, 2, 1, 30, 28, 2),
(260, 12, 2, 2, 30, 28, 2),
(261, 12, 2, 3, 25, 30, 2),
(262, 12, 2, 4, 34, 30, 2),
(263, 12, 2, 5, 34, 30, 2),
(264, 12, 3, 1, 35, 28, 18),
(265, 12, 3, 2, 35, 28, 18),
(266, 12, 3, 3, 35, 28, 18),
(267, 12, 3, 4, 33, 23, 2),
(268, 12, 3, 5, 33, 23, 2),
(269, 12, 3, 6, 33, 23, 2),
(270, 12, 3, 7, 32, 28, 2),
(271, 12, 3, 8, 32, 28, 2),
(272, 12, 4, 1, 31, 29, 2),
(273, 12, 4, 2, 31, 29, 2),
(274, 12, 4, 3, 25, 30, 2),
(275, 12, 4, 4, 25, 30, 2),
(276, 12, 4, 5, 9, 16, 2),
(277, 12, 4, 6, 9, 16, 2),
(278, 12, 4, 7, 4, 4, 9),
(279, 12, 5, 1, 4, 4, 9),
(280, 12, 5, 2, 4, 4, 9),
(281, 12, 5, 3, 31, 29, 2),
(282, 12, 5, 4, 31, 29, 2),
(283, 12, 5, 5, 30, 28, 2),
(284, 12, 5, 6, 30, 28, 2),
(285, 12, 5, 7, 32, 28, 2),
(286, 12, 5, 8, 32, 28, 2),
(287, 13, 1, 3, 36, 31, 22),
(288, 13, 1, 4, 36, 31, 22),
(289, 13, 1, 5, 37, 30, 2),
(290, 13, 1, 6, 37, 30, 2),
(291, 13, 2, 3, 38, 32, 23),
(292, 13, 2, 4, 38, 32, 23),
(293, 13, 2, 5, 39, 23, 14),
(294, 13, 2, 6, 39, 23, 14),
(295, 13, 2, 7, 40, 28, 18),
(296, 13, 2, 8, 40, 28, 18),
(297, 13, 2, 9, 41, 24, 2),
(298, 13, 2, 10, 41, 24, 2),
(299, 13, 3, 5, 41, 24, 2),
(300, 13, 3, 6, 41, 24, 2),
(301, 13, 3, 7, 7, 27, 2),
(302, 13, 3, 7, 8, 26, 2),
(303, 13, 3, 8, 7, 27, 2),
(304, 13, 3, 8, 8, 26, 2),
(305, 13, 4, 4, 38, 32, 23),
(306, 13, 4, 5, 38, 32, 23),
(307, 13, 4, 6, 38, 32, 23),
(308, 13, 4, 7, 39, 23, 14),
(309, 13, 4, 8, 39, 23, 14),
(310, 13, 4, 9, 37, 30, 2),
(311, 13, 4, 10, 37, 30, 2),
(312, 13, 5, 4, 36, 31, 22),
(313, 13, 5, 5, 36, 31, 22),
(314, 13, 5, 6, 36, 31, 22),
(315, 13, 5, 7, 42, 23, 2),
(316, 13, 5, 8, 42, 23, 2),
(317, 13, 5, 9, 42, 23, 2),
(318, 13, 6, 4, 9, 16, 16),
(319, 13, 6, 5, 9, 16, 16),
(320, 13, 6, 6, 30, 28, 18),
(321, 13, 6, 7, 30, 28, 18),
(322, 13, 6, 8, 40, 28, 18),
(323, 13, 6, 9, 40, 28, 18),
(324, 13, 6, 10, 40, 28, 18),
(325, 14, 1, 3, 37, 30, 2),
(326, 14, 1, 4, 37, 30, 2),
(327, 14, 1, 5, 42, 23, 14),
(328, 14, 1, 6, 39, 23, 14),
(329, 14, 1, 7, 39, 23, 14),
(330, 14, 2, 3, 41, 24, 2),
(331, 14, 2, 4, 41, 24, 2),
(332, 14, 2, 5, 38, 32, 23),
(333, 14, 2, 6, 38, 32, 23),
(334, 14, 2, 7, 39, 23, 14),
(335, 14, 2, 8, 39, 23, 14),
(336, 14, 3, 2, 36, 31, 2),
(337, 14, 3, 3, 36, 31, 2),
(338, 14, 3, 4, 36, 31, 2),
(339, 14, 3, 5, 40, 28, 2),
(340, 14, 3, 6, 40, 28, 2),
(341, 14, 3, 7, 41, 24, 2),
(342, 14, 3, 8, 41, 24, 2),
(343, 14, 4, 1, 37, 30, 2),
(344, 14, 4, 2, 37, 30, 2),
(345, 14, 4, 3, 30, 28, 18),
(346, 14, 4, 4, 30, 28, 18),
(347, 14, 4, 5, 7, 27, 5),
(348, 14, 4, 5, 8, 11, 2),
(349, 14, 4, 6, 7, 27, 5),
(350, 14, 4, 6, 8, 11, 2),
(351, 14, 4, 7, 38, 32, 23),
(352, 14, 4, 8, 38, 32, 23),
(353, 14, 5, 1, 36, 31, 2),
(354, 14, 5, 2, 36, 31, 2),
(355, 14, 5, 3, 42, 23, 14),
(356, 14, 5, 4, 42, 23, 14),
(357, 14, 5, 5, 38, 32, 23),
(358, 14, 6, 3, 40, 28, 2),
(359, 14, 6, 4, 40, 28, 2),
(360, 14, 6, 5, 40, 28, 2),
(361, 14, 6, 6, 9, 16, 16),
(362, 14, 6, 7, 9, 16, 16),
(363, 15, 1, 1, 43, 22, 2),
(364, 15, 1, 2, 43, 22, 2),
(365, 15, 1, 3, 9, 16, 2),
(366, 15, 1, 4, 9, 16, 2),
(367, 15, 1, 5, 43, 22, 2),
(368, 15, 2, 1, 44, 33, 24),
(369, 15, 2, 2, 44, 33, 24),
(370, 15, 2, 3, 31, 34, 25),
(371, 15, 2, 4, 45, 8, 2),
(372, 15, 2, 5, 45, 8, 2),
(373, 15, 2, 6, 46, 29, 2),
(374, 15, 2, 7, 46, 29, 2),
(375, 15, 3, 1, 43, 22, 2),
(376, 15, 3, 2, 43, 22, 2),
(377, 15, 3, 3, 47, 14, 2),
(378, 15, 3, 4, 48, 35, 2),
(379, 15, 3, 5, 48, 35, 2),
(380, 15, 4, 3, 14, 11, 2),
(381, 15, 4, 4, 14, 11, 2),
(382, 15, 4, 5, 48, 35, 2),
(383, 15, 4, 6, 48, 35, 2),
(384, 15, 4, 7, 47, 14, 2),
(385, 15, 4, 8, 47, 14, 2),
(386, 15, 4, 9, 14, 6, 26),
(387, 15, 4, 10, 14, 6, 26),
(388, 15, 5, 5, 44, 33, 24),
(389, 15, 5, 6, 44, 33, 24),
(390, 15, 5, 7, 49, 36, 2),
(391, 15, 5, 8, 49, 36, 2),
(392, 15, 5, 9, 49, 36, 2),
(393, 15, 5, 10, 43, 22, 2),
(394, 15, 6, 1, 31, 34, 25),
(395, 15, 6, 2, 31, 34, 25),
(396, 15, 6, 3, 50, 37, 2),
(397, 15, 6, 4, 50, 37, 2),
(398, 15, 6, 5, 50, 37, 2),
(399, 15, 6, 6, 31, 34, 25),
(400, 15, 6, 7, 31, 34, 25),
(401, 16, 1, 5, 9, 16, 2),
(402, 16, 1, 6, 9, 16, 2),
(403, 16, 1, 7, 49, 36, 2),
(404, 16, 1, 8, 49, 36, 2),
(405, 16, 1, 9, 49, 36, 2),
(406, 16, 2, 4, 43, 22, 2),
(407, 16, 2, 5, 31, 34, 25),
(408, 16, 2, 6, 31, 34, 25),
(409, 16, 2, 7, 44, 33, 2),
(410, 16, 2, 8, 44, 33, 2),
(411, 16, 2, 9, 43, 22, 2),
(412, 16, 2, 10, 43, 22, 2),
(413, 16, 3, 6, 46, 29, 2),
(414, 16, 3, 7, 46, 29, 2),
(415, 16, 3, 8, 47, 14, 2),
(416, 16, 3, 9, 47, 14, 2),
(417, 16, 3, 10, 47, 14, 2),
(418, 16, 4, 3, 45, 8, 2),
(419, 16, 4, 4, 45, 8, 2),
(420, 16, 4, 5, 31, 34, 25),
(421, 16, 4, 6, 31, 34, 25),
(422, 16, 4, 7, 31, 34, 25),
(423, 16, 4, 8, 44, 33, 2),
(424, 16, 4, 9, 44, 33, 2),
(425, 16, 5, 1, 43, 22, 2),
(426, 16, 5, 2, 43, 22, 2),
(427, 16, 5, 3, 43, 22, 2),
(428, 16, 5, 4, 48, 35, 2),
(429, 16, 5, 5, 48, 35, 2),
(430, 16, 5, 6, 7, 27, 2),
(431, 16, 5, 6, 8, 26, 2),
(432, 16, 5, 7, 7, 27, 2),
(433, 16, 5, 7, 8, 26, 2),
(434, 16, 6, 6, 48, 35, 2),
(435, 16, 6, 7, 48, 35, 2),
(436, 16, 6, 8, 50, 37, 2),
(437, 16, 6, 9, 50, 37, 2),
(438, 16, 6, 10, 50, 37, 2),
(439, 17, 1, 7, 38, 32, 2),
(440, 17, 1, 8, 51, 25, 2),
(441, 17, 1, 9, 52, 38, 2),
(442, 17, 1, 10, 52, 38, 2),
(443, 17, 1, 11, 52, 38, 2),
(444, 17, 2, 3, 14, 11, 5),
(445, 17, 2, 4, 14, 11, 5),
(446, 17, 2, 5, 53, 35, 27),
(447, 17, 2, 6, 53, 35, 27),
(448, 17, 2, 7, 7, 6, 2),
(449, 17, 2, 7, 8, 26, 2),
(450, 17, 2, 8, 7, 6, 2),
(451, 17, 2, 8, 8, 26, 2),
(452, 17, 3, 1, 40, 33, 24),
(453, 17, 3, 2, 40, 33, 24),
(454, 17, 3, 3, 40, 33, 24),
(455, 17, 3, 4, 39, 39, 2),
(456, 17, 3, 5, 39, 39, 2),
(457, 17, 3, 6, 54, 40, 2),
(458, 17, 3, 7, 54, 40, 2),
(459, 17, 3, 8, 54, 40, 2),
(460, 17, 4, 5, 55, 14, 7),
(461, 17, 4, 6, 55, 14, 7),
(462, 17, 4, 7, 51, 25, 2),
(463, 17, 4, 8, 51, 25, 2),
(464, 17, 4, 9, 38, 32, 2),
(465, 17, 4, 10, 38, 32, 2),
(466, 17, 5, 3, 53, 35, 27),
(467, 17, 5, 4, 55, 14, 7),
(468, 17, 5, 5, 9, 16, 2),
(469, 17, 5, 6, 9, 16, 2),
(470, 17, 5, 7, 38, 32, 2),
(471, 17, 5, 8, 38, 32, 2),
(472, 17, 5, 9, 40, 33, 24),
(473, 17, 5, 10, 40, 33, 24),
(474, 17, 6, 1, 56, 41, 2),
(475, 17, 6, 2, 56, 41, 2),
(476, 17, 6, 3, 56, 41, 2),
(477, 17, 6, 4, 17, 41, 2),
(478, 17, 6, 5, 17, 41, 2),
(479, 17, 6, 6, 17, 41, 2),
(480, 17, 6, 7, 39, 39, 2),
(481, 17, 6, 8, 39, 39, 2),
(482, 18, 1, 7, 7, 26, 5),
(483, 18, 1, 7, 8, 11, 2),
(484, 18, 1, 8, 7, 26, 5),
(485, 18, 1, 8, 8, 11, 2),
(486, 18, 1, 9, 57, 25, 2),
(487, 18, 1, 10, 57, 25, 2),
(488, 18, 2, 4, 58, 19, 12),
(489, 18, 2, 5, 58, 19, 12),
(490, 18, 2, 6, 47, 14, 2),
(491, 18, 2, 7, 47, 14, 2),
(492, 18, 2, 8, 48, 35, 2),
(493, 18, 2, 9, 48, 35, 2),
(494, 18, 3, 4, 58, 19, 12),
(495, 18, 3, 5, 58, 19, 12),
(496, 18, 3, 6, 47, 14, 2),
(497, 18, 3, 7, 47, 14, 2),
(498, 18, 3, 8, 59, 31, 2),
(499, 18, 3, 9, 59, 31, 2),
(500, 18, 3, 10, 59, 31, 2),
(501, 18, 4, 1, 60, 33, 24),
(502, 18, 4, 2, 60, 33, 24),
(503, 18, 4, 3, 48, 35, 2),
(504, 18, 4, 4, 48, 35, 2),
(505, 18, 4, 5, 43, 22, 2),
(506, 18, 4, 6, 43, 22, 2),
(507, 18, 5, 1, 46, 29, 2),
(508, 18, 5, 2, 46, 29, 2),
(509, 18, 5, 3, 60, 33, 24),
(510, 18, 5, 4, 60, 33, 24),
(511, 18, 5, 5, 50, 14, 7),
(512, 18, 5, 6, 50, 14, 7),
(513, 18, 5, 7, 61, 42, 2),
(514, 18, 5, 8, 61, 42, 2),
(515, 18, 6, 6, 9, 8, 2),
(516, 18, 6, 7, 9, 8, 2),
(517, 18, 6, 8, 61, 42, 2),
(518, 18, 6, 9, 61, 42, 2),
(519, 18, 6, 10, 61, 42, 2),
(520, 19, 1, 7, 47, 14, 2),
(521, 19, 1, 8, 47, 14, 2),
(522, 19, 1, 9, 59, 31, 2),
(523, 19, 1, 10, 59, 31, 2),
(524, 19, 1, 11, 59, 31, 2),
(525, 19, 2, 2, 48, 35, 2),
(526, 19, 2, 3, 48, 35, 2),
(527, 19, 2, 4, 47, 14, 2),
(528, 19, 2, 5, 47, 14, 2),
(529, 19, 2, 6, 58, 19, 2),
(530, 19, 3, 5, 14, 27, 17),
(531, 19, 3, 6, 14, 27, 17),
(532, 19, 3, 7, 9, 43, 19),
(533, 19, 3, 8, 9, 43, 19),
(534, 19, 3, 9, 43, 22, 2),
(535, 19, 3, 10, 43, 22, 2),
(536, 19, 4, 1, 57, 25, 2),
(537, 19, 4, 2, 57, 25, 2),
(538, 19, 4, 3, 58, 19, 2),
(539, 19, 4, 4, 46, 29, 2),
(540, 19, 4, 5, 46, 29, 2),
(541, 19, 4, 6, 60, 33, 24),
(542, 19, 4, 7, 60, 33, 24),
(543, 19, 5, 5, 58, 19, 2),
(544, 19, 5, 6, 58, 19, 2),
(545, 19, 5, 7, 60, 33, 24),
(546, 19, 5, 8, 60, 33, 24),
(547, 19, 5, 9, 50, 14, 7),
(548, 19, 5, 10, 50, 14, 7),
(549, 19, 5, 11, 61, 42, 2),
(550, 19, 6, 4, 61, 42, 2),
(551, 19, 6, 5, 61, 42, 2),
(552, 19, 6, 6, 61, 42, 2),
(553, 19, 6, 7, 61, 42, 2),
(554, 19, 6, 8, 48, 35, 2),
(555, 19, 6, 9, 48, 35, 2),
(556, 20, 1, 6, 59, 31, 2),
(557, 20, 1, 7, 59, 31, 2),
(558, 20, 1, 8, 59, 31, 2),
(559, 20, 1, 9, 43, 22, 2),
(560, 20, 1, 10, 43, 22, 2),
(561, 20, 2, 1, 57, 25, 2),
(562, 20, 2, 2, 57, 25, 2),
(563, 20, 2, 3, 60, 33, 24),
(564, 20, 2, 4, 60, 33, 24),
(565, 20, 2, 5, 7, 11, 2),
(566, 20, 2, 6, 7, 11, 2),
(567, 20, 3, 2, 46, 29, 2),
(568, 20, 3, 3, 46, 29, 2),
(569, 20, 3, 4, 47, 14, 2),
(570, 20, 3, 5, 47, 14, 2),
(571, 20, 3, 6, 60, 33, 24),
(572, 20, 3, 7, 60, 33, 24),
(573, 20, 3, 8, 48, 35, 2),
(574, 20, 3, 9, 48, 35, 2),
(575, 20, 4, 1, 58, 19, 2),
(576, 20, 4, 2, 58, 19, 2),
(577, 20, 4, 3, 47, 14, 2),
(578, 20, 4, 4, 47, 14, 2),
(579, 20, 4, 5, 9, 43, 19),
(580, 20, 4, 6, 9, 43, 19),
(581, 20, 4, 7, 8, 27, 17),
(582, 20, 4, 8, 8, 27, 17),
(583, 20, 5, 7, 50, 14, 7),
(584, 20, 5, 8, 50, 14, 7),
(585, 20, 5, 9, 61, 42, 2),
(586, 20, 5, 10, 61, 42, 2),
(587, 20, 6, 1, 61, 42, 2),
(588, 20, 6, 2, 61, 42, 2),
(589, 20, 6, 3, 61, 42, 2),
(590, 20, 6, 4, 48, 35, 2),
(591, 20, 6, 5, 48, 35, 2),
(592, 20, 6, 6, 58, 19, 2),
(593, 20, 6, 7, 58, 19, 2),
(594, 21, 1, 3, 38, 32, 2),
(595, 21, 1, 4, 38, 32, 2),
(596, 21, 1, 5, 62, 25, 28),
(597, 21, 1, 6, 62, 25, 28),
(598, 21, 1, 7, 62, 25, 28),
(599, 21, 1, 8, 38, 32, 2),
(600, 21, 1, 9, 38, 32, 2),
(601, 21, 1, 10, 38, 32, 2),
(602, 21, 2, 5, 40, 33, 24),
(603, 21, 2, 6, 40, 33, 24),
(604, 21, 2, 7, 17, 22, 13),
(605, 21, 2, 8, 17, 22, 13),
(606, 21, 2, 9, 7, 6, 21),
(607, 21, 2, 9, 8, 26, 2),
(608, 21, 2, 10, 7, 6, 21),
(609, 21, 2, 10, 8, 26, 2),
(610, 21, 3, 3, 62, 25, 28),
(611, 21, 3, 4, 63, 25, 28),
(612, 21, 3, 5, 63, 25, 28),
(613, 21, 3, 6, 64, 31, 2),
(614, 21, 3, 7, 64, 31, 2),
(615, 21, 3, 8, 39, 39, 2),
(616, 21, 3, 9, 39, 39, 2),
(617, 21, 3, 10, 39, 39, 2),
(618, 21, 4, 2, 56, 12, 13),
(619, 21, 4, 2, 54, 22, 2),
(620, 21, 4, 3, 56, 12, 13),
(621, 21, 4, 3, 54, 22, 2),
(622, 21, 4, 4, 56, 12, 13),
(623, 21, 4, 4, 54, 22, 2),
(624, 21, 4, 5, 39, 39, 2),
(625, 21, 4, 6, 39, 39, 2),
(626, 21, 4, 7, 52, 38, 2),
(627, 21, 4, 8, 52, 38, 2),
(628, 21, 4, 9, 52, 38, 2),
(629, 21, 5, 5, 9, 8, 2),
(630, 21, 5, 6, 9, 8, 2),
(631, 21, 5, 7, 64, 31, 2),
(632, 21, 5, 8, 17, 22, 13),
(633, 21, 5, 9, 63, 25, 28),
(634, 21, 5, 10, 63, 25, 28),
(635, 22, 1, 1, 14, 27, 17),
(636, 22, 1, 2, 14, 27, 17),
(637, 22, 1, 3, 63, 25, 2),
(638, 22, 1, 4, 63, 25, 2),
(639, 22, 1, 5, 38, 32, 2),
(640, 22, 1, 6, 38, 32, 2),
(641, 22, 2, 3, 14, 11, 5),
(642, 22, 2, 4, 14, 11, 5),
(643, 22, 2, 5, 62, 25, 2),
(644, 22, 2, 6, 62, 25, 2),
(645, 22, 2, 7, 38, 32, 2),
(646, 22, 2, 8, 38, 32, 2),
(647, 22, 2, 9, 38, 32, 2),
(648, 22, 3, 4, 40, 33, 24),
(649, 22, 3, 5, 40, 33, 24),
(650, 22, 3, 6, 39, 39, 2),
(651, 22, 3, 7, 39, 39, 2),
(652, 22, 3, 8, 52, 38, 2),
(653, 22, 3, 9, 52, 38, 2),
(654, 22, 3, 10, 52, 38, 2),
(655, 22, 4, 5, 63, 25, 2),
(656, 22, 4, 6, 63, 25, 2),
(657, 22, 4, 7, 56, 12, 13),
(658, 22, 4, 7, 54, 22, 2),
(659, 22, 4, 8, 56, 12, 13),
(660, 22, 4, 8, 54, 22, 2),
(661, 22, 4, 9, 56, 12, 13),
(662, 22, 4, 9, 54, 22, 2),
(663, 22, 4, 10, 17, 22, 13),
(664, 22, 5, 3, 64, 31, 2),
(665, 22, 5, 4, 17, 22, 13),
(666, 22, 5, 5, 17, 22, 13),
(667, 22, 5, 6, 62, 25, 2),
(668, 22, 5, 7, 62, 25, 2),
(669, 22, 5, 8, 64, 31, 2),
(670, 22, 5, 9, 64, 31, 2),
(671, 22, 6, 1, 39, 39, 2),
(672, 22, 6, 2, 39, 39, 2),
(673, 22, 6, 3, 39, 39, 2),
(674, 22, 6, 4, 9, 8, 2),
(675, 22, 6, 5, 9, 8, 2),
(676, 25, 1, 5, 15, 5, 3),
(677, 25, 1, 6, 15, 5, 3),
(678, 25, 1, 7, 19, 13, 8),
(679, 25, 1, 8, 19, 13, 8),
(680, 25, 2, 1, 65, 44, 2),
(681, 25, 2, 2, 65, 44, 2),
(682, 25, 2, 3, 65, 44, 2),
(683, 25, 2, 4, 31, 34, 25),
(684, 25, 2, 5, 19, 13, 8),
(685, 25, 2, 6, 19, 13, 8),
(686, 25, 3, 4, 21, 15, 2),
(687, 25, 3, 5, 21, 15, 2),
(688, 25, 3, 6, 21, 15, 4),
(689, 25, 3, 7, 17, 12, 2),
(690, 25, 3, 8, 17, 12, 2),
(691, 25, 3, 9, 17, 12, 2),
(692, 25, 3, 10, 15, 5, 3),
(693, 25, 4, 1, 66, 6, 10),
(694, 25, 4, 1, 67, 7, 2),
(695, 25, 4, 2, 66, 6, 10),
(696, 25, 4, 2, 67, 7, 2),
(697, 25, 4, 3, 9, 43, 19),
(698, 25, 4, 4, 9, 43, 19),
(699, 25, 4, 5, 60, 28, 18),
(700, 25, 4, 6, 60, 28, 18),
(701, 25, 4, 7, 60, 28, 18),
(702, 25, 5, 4, 68, 13, 8),
(703, 25, 5, 5, 68, 13, 8),
(704, 25, 5, 6, 68, 13, 8),
(705, 25, 5, 7, 31, 34, 20),
(706, 25, 5, 8, 31, 34, 20),
(707, 25, 6, 6, 23, 20, 2),
(708, 25, 6, 6, 24, 9, 2),
(709, 25, 6, 7, 23, 20, 2),
(710, 25, 6, 7, 24, 9, 2),
(711, 26, 1, 6, 67, 7, 10),
(712, 26, 1, 7, 67, 7, 10),
(713, 26, 1, 8, 17, 12, 2),
(714, 26, 1, 9, 60, 28, 2),
(715, 26, 2, 1, 14, 11, 5),
(716, 26, 2, 3, 19, 13, 8),
(717, 26, 2, 4, 19, 13, 8),
(718, 26, 2, 5, 21, 2, 4),
(719, 26, 2, 6, 21, 2, 4),
(720, 26, 2, 7, 21, 2, 4),
(721, 26, 2, 8, 15, 5, 2),
(722, 26, 3, 1, 65, 44, 2),
(723, 26, 3, 2, 65, 44, 2),
(724, 26, 3, 3, 65, 44, 2),
(725, 26, 3, 4, 15, 5, 3),
(726, 26, 3, 5, 15, 5, 3),
(727, 26, 3, 6, 66, 6, 26),
(728, 26, 3, 7, 66, 6, 26),
(729, 26, 4, 1, 9, 43, 19),
(730, 26, 4, 2, 9, 43, 19),
(731, 26, 4, 3, 19, 13, 8),
(732, 26, 4, 4, 19, 13, 8),
(733, 26, 4, 5, 68, 13, 8),
(734, 26, 4, 6, 68, 13, 8),
(735, 26, 5, 3, 60, 28, 2),
(736, 26, 5, 4, 60, 28, 2),
(737, 26, 5, 5, 17, 12, 2),
(738, 26, 5, 6, 17, 12, 2),
(739, 26, 5, 7, 68, 13, 8),
(740, 26, 6, 1, 23, 20, 2),
(741, 26, 6, 2, 23, 20, 2),
(742, 26, 6, 3, 31, 34, 25),
(743, 26, 6, 4, 31, 34, 25),
(744, 26, 6, 5, 31, 34, 25),
(745, 26, 6, 9, 24, 9, 2),
(746, 26, 6, 10, 24, 9, 2),
(747, 28, 1, 7, 9, 43, 19),
(748, 28, 1, 8, 9, 43, 19),
(749, 28, 1, 9, 4, 4, 2),
(750, 28, 1, 10, 4, 4, 2),
(751, 28, 2, 1, 69, 45, 2),
(752, 28, 2, 2, 69, 45, 2),
(753, 28, 2, 3, 69, 45, 2),
(754, 28, 2, 4, 69, 45, 2),
(755, 28, 2, 5, 70, 46, 29),
(756, 28, 2, 5, 71, 47, 2),
(757, 28, 2, 6, 70, 46, 29),
(758, 28, 2, 6, 71, 47, 2),
(759, 28, 2, 7, 70, 46, 29),
(760, 28, 2, 7, 71, 47, 2),
(761, 28, 2, 8, 70, 46, 29),
(762, 28, 2, 8, 71, 47, 2),
(763, 28, 3, 1, 70, 46, 29),
(764, 28, 3, 1, 71, 47, 2),
(765, 28, 3, 2, 70, 46, 29),
(766, 28, 3, 2, 71, 47, 2),
(767, 28, 3, 3, 70, 46, 29),
(768, 28, 3, 3, 71, 47, 2),
(769, 28, 3, 4, 70, 46, 29),
(770, 28, 3, 4, 71, 47, 2),
(771, 28, 3, 5, 72, 47, 29),
(772, 28, 3, 6, 72, 47, 29),
(773, 28, 3, 7, 72, 47, 29),
(774, 28, 3, 8, 72, 47, 29),
(775, 28, 4, 1, 4, 4, 2),
(776, 28, 4, 2, 4, 4, 2),
(777, 28, 4, 3, 73, 39, 30),
(778, 28, 4, 4, 73, 39, 30),
(779, 28, 4, 5, 72, 47, 29),
(780, 28, 4, 6, 72, 47, 29),
(781, 28, 4, 7, 7, 6, 21),
(782, 28, 4, 7, 8, 26, 2),
(783, 28, 4, 8, 7, 6, 21),
(784, 28, 4, 8, 8, 26, 2),
(785, 28, 5, 1, 69, 45, 2),
(786, 28, 5, 2, 69, 45, 2),
(787, 28, 5, 3, 69, 45, 2),
(788, 28, 5, 4, 69, 45, 2),
(789, 28, 6, 7, 72, 47, 29),
(790, 28, 6, 8, 72, 47, 29),
(791, 28, 6, 9, 73, 39, 30),
(792, 28, 6, 10, 73, 39, 30),
(793, 29, 1, 1, 56, 12, 31),
(794, 29, 1, 1, 54, 46, 2),
(795, 29, 1, 2, 56, 12, 31),
(796, 29, 1, 2, 54, 46, 2),
(797, 29, 1, 3, 70, 46, 29),
(798, 29, 1, 3, 71, 47, 2),
(799, 29, 1, 4, 70, 46, 29),
(800, 29, 1, 4, 71, 47, 2),
(801, 29, 1, 5, 7, 26, 21),
(802, 29, 1, 6, 7, 26, 21),
(803, 29, 2, 1, 70, 46, 29),
(804, 29, 2, 1, 71, 47, 2),
(805, 29, 2, 2, 70, 46, 29),
(806, 29, 2, 2, 71, 47, 2),
(807, 29, 2, 3, 70, 46, 29),
(808, 29, 2, 3, 71, 47, 2),
(809, 29, 2, 4, 74, 48, 2),
(810, 29, 2, 5, 74, 48, 2),
(811, 29, 2, 6, 74, 48, 2),
(812, 29, 2, 7, 31, 34, 25),
(813, 29, 2, 8, 31, 34, 25),
(814, 29, 3, 1, 14, 11, 5),
(815, 29, 3, 2, 14, 11, 5),
(816, 29, 3, 3, 31, 34, 25),
(817, 29, 3, 4, 74, 48, 2),
(818, 29, 3, 5, 74, 48, 2),
(819, 29, 3, 6, 38, 32, 2),
(820, 29, 3, 7, 38, 32, 2),
(821, 29, 3, 8, 8, 6, 32),
(822, 29, 3, 9, 8, 6, 32),
(823, 29, 4, 1, 73, 23, 14),
(824, 29, 4, 2, 73, 23, 14),
(825, 29, 4, 3, 73, 23, 14),
(826, 29, 4, 4, 40, 33, 24),
(827, 29, 4, 5, 40, 33, 24),
(828, 29, 5, 2, 40, 33, 24),
(829, 29, 5, 3, 17, 47, 29),
(830, 29, 5, 4, 17, 47, 29),
(831, 29, 5, 5, 17, 47, 29),
(832, 29, 5, 6, 38, 32, 2),
(833, 29, 5, 7, 9, 43, 19),
(834, 29, 5, 8, 9, 43, 19),
(835, 29, 6, 5, 39, 39, 2),
(836, 29, 6, 6, 39, 39, 2),
(837, 29, 6, 7, 75, 49, 2),
(838, 29, 6, 8, 75, 49, 2),
(839, 29, 6, 9, 75, 49, 2),
(840, 30, 1, 3, 74, 48, 2),
(841, 30, 1, 4, 74, 48, 2),
(842, 30, 1, 5, 40, 33, 24),
(843, 30, 1, 6, 40, 33, 24),
(844, 30, 1, 7, 40, 33, 24),
(845, 30, 1, 8, 70, 46, 29),
(846, 30, 1, 8, 71, 47, 2),
(847, 30, 1, 9, 70, 46, 29),
(848, 30, 1, 9, 71, 47, 2),
(849, 30, 2, 4, 39, 39, 30),
(850, 30, 2, 5, 39, 39, 30),
(851, 30, 2, 6, 9, 8, 2),
(852, 30, 2, 7, 9, 8, 2),
(853, 30, 3, 2, 7, 6, 26),
(854, 30, 3, 3, 7, 6, 26),
(855, 30, 3, 4, 38, 32, 2),
(856, 30, 3, 5, 38, 32, 2),
(857, 30, 3, 6, 31, 34, 25),
(858, 30, 3, 7, 73, 23, 14),
(859, 30, 3, 8, 73, 23, 14),
(860, 30, 3, 9, 8, 26, 21),
(861, 30, 3, 10, 8, 26, 21),
(862, 30, 4, 1, 31, 34, 25),
(863, 30, 4, 2, 31, 34, 25),
(864, 30, 4, 3, 38, 32, 2),
(865, 30, 4, 4, 73, 23, 14),
(866, 30, 5, 3, 74, 48, 2),
(867, 30, 5, 4, 74, 48, 2),
(868, 30, 5, 5, 74, 48, 2),
(869, 30, 5, 6, 70, 46, 29),
(870, 30, 5, 6, 71, 47, 2),
(871, 30, 5, 7, 70, 46, 29),
(872, 30, 5, 7, 71, 47, 2),
(873, 30, 5, 8, 70, 46, 29),
(874, 30, 5, 8, 71, 47, 2),
(875, 30, 5, 9, 56, 12, 31),
(876, 30, 5, 9, 54, 46, 2),
(877, 30, 5, 10, 56, 12, 31),
(878, 30, 5, 10, 54, 46, 2),
(879, 30, 6, 1, 17, 47, 29),
(880, 30, 6, 2, 17, 47, 29),
(881, 30, 6, 3, 17, 47, 29),
(882, 30, 6, 4, 75, 49, 2),
(883, 30, 6, 5, 75, 49, 2),
(884, 30, 6, 6, 75, 49, 2),
(885, 31, 1, 1, 40, 33, 24),
(886, 31, 1, 2, 40, 33, 24),
(887, 31, 1, 3, 40, 33, 24),
(888, 31, 1, 4, 73, 23, 14),
(889, 31, 1, 5, 70, 47, 31),
(890, 31, 1, 5, 71, 46, 2),
(891, 31, 1, 6, 70, 47, 31),
(892, 31, 1, 6, 71, 46, 2),
(893, 31, 1, 7, 70, 47, 31),
(894, 31, 1, 7, 71, 46, 2),
(895, 31, 2, 7, 74, 48, 2),
(896, 31, 2, 8, 74, 48, 2),
(897, 31, 2, 9, 56, 12, 31),
(898, 31, 2, 9, 54, 46, 2),
(899, 31, 2, 10, 56, 12, 31),
(900, 31, 2, 10, 54, 46, 2),
(901, 31, 3, 1, 14, 11, 5),
(902, 31, 3, 2, 14, 11, 5),
(903, 31, 3, 3, 38, 32, 23),
(904, 31, 3, 4, 14, 6, 26),
(905, 31, 3, 5, 14, 6, 26),
(906, 31, 4, 2, 74, 48, 2),
(907, 31, 4, 3, 74, 48, 2),
(908, 31, 4, 4, 74, 48, 2),
(909, 31, 4, 5, 73, 23, 14),
(910, 31, 4, 6, 73, 23, 14),
(911, 31, 4, 7, 39, 39, 30),
(912, 31, 4, 8, 39, 39, 30),
(913, 31, 4, 9, 31, 34, 25),
(914, 31, 5, 1, 70, 47, 31),
(915, 31, 5, 1, 71, 46, 2),
(916, 31, 5, 2, 70, 47, 31),
(917, 31, 5, 2, 71, 46, 2),
(918, 31, 5, 3, 38, 32, 23),
(919, 31, 5, 4, 38, 32, 23),
(920, 31, 5, 5, 31, 34, 25),
(921, 31, 5, 6, 31, 34, 25),
(922, 31, 5, 7, 9, 16, 16),
(923, 31, 5, 8, 9, 16, 16),
(924, 31, 6, 1, 75, 49, 2),
(925, 31, 6, 2, 75, 49, 2),
(926, 31, 6, 3, 75, 49, 2),
(927, 31, 6, 4, 17, 47, 29),
(928, 31, 6, 5, 17, 47, 29),
(929, 31, 6, 6, 17, 47, 29),
(930, 33, 1, 3, 76, 12, 11),
(931, 33, 1, 4, 76, 12, 11),
(932, 33, 1, 5, 77, 2, 4),
(933, 33, 1, 6, 77, 2, 4),
(934, 33, 1, 7, 77, 2, 4),
(935, 33, 1, 8, 78, 50, 33),
(936, 33, 1, 9, 79, 5, 2),
(937, 33, 1, 10, 79, 5, 2),
(938, 33, 2, 2, 80, 18, 2),
(939, 33, 2, 3, 80, 18, 2),
(940, 33, 2, 4, 81, 44, 2),
(941, 33, 2, 5, 81, 44, 2),
(942, 33, 2, 6, 82, 12, 11),
(943, 33, 2, 7, 83, 50, 33),
(944, 33, 2, 8, 83, 50, 33),
(945, 33, 3, 5, 84, 46, 31),
(946, 33, 3, 6, 84, 46, 31),
(947, 33, 3, 7, 84, 46, 31),
(948, 33, 3, 8, 79, 5, 2),
(949, 33, 3, 9, 79, 5, 2),
(950, 33, 4, 1, 85, 2, 4),
(951, 33, 4, 2, 85, 2, 4),
(952, 33, 4, 3, 78, 50, 33),
(953, 33, 4, 4, 78, 50, 33),
(954, 33, 4, 5, 80, 18, 2),
(955, 33, 4, 6, 80, 18, 2),
(956, 33, 5, 1, 7, 27, 10),
(957, 33, 5, 1, 8, 7, 2),
(958, 33, 5, 2, 7, 27, 10),
(959, 33, 5, 2, 8, 7, 2),
(960, 33, 5, 3, 76, 12, 11),
(961, 33, 5, 4, 76, 12, 11),
(962, 33, 5, 5, 83, 50, 33),
(963, 33, 5, 6, 83, 50, 33),
(964, 33, 5, 7, 82, 12, 11),
(965, 33, 5, 8, 82, 12, 11),
(966, 33, 6, 2, 9, 8, 2),
(967, 33, 6, 3, 9, 8, 2),
(968, 33, 6, 4, 86, 51, 2),
(969, 33, 6, 5, 86, 51, 2),
(970, 33, 6, 6, 86, 51, 2),
(971, 34, 1, 1, 81, 44, 2),
(972, 34, 1, 2, 81, 44, 2),
(973, 34, 1, 3, 80, 18, 2),
(974, 34, 1, 3, 79, 5, 2),
(975, 34, 1, 4, 80, 18, 2),
(976, 34, 1, 4, 79, 5, 2),
(977, 34, 1, 5, 76, 12, 11),
(978, 34, 1, 6, 76, 12, 11),
(979, 34, 1, 7, 78, 50, 2),
(980, 34, 2, 1, 76, 12, 11),
(981, 34, 2, 2, 76, 12, 11),
(982, 34, 2, 3, 86, 51, 2),
(983, 34, 2, 4, 83, 51, 34),
(984, 34, 2, 5, 83, 51, 34),
(985, 34, 2, 6, 80, 18, 2),
(986, 34, 2, 6, 79, 5, 2),
(987, 34, 2, 7, 80, 18, 2),
(988, 34, 2, 7, 79, 5, 2),
(989, 34, 3, 2, 78, 50, 2),
(990, 34, 3, 3, 78, 50, 33),
(991, 34, 3, 4, 82, 12, 11),
(992, 34, 3, 5, 82, 12, 11),
(993, 34, 3, 6, 82, 12, 11),
(994, 34, 3, 7, 77, 2, 4),
(995, 34, 3, 8, 77, 2, 4),
(996, 34, 3, 9, 77, 2, 4),
(997, 34, 4, 3, 7, 27, 17),
(998, 34, 4, 4, 7, 27, 17),
(999, 34, 4, 5, 9, 8, 2),
(1000, 34, 4, 6, 9, 8, 2),
(1001, 34, 4, 7, 84, 46, 31),
(1002, 34, 4, 8, 84, 46, 31),
(1003, 34, 4, 9, 8, 7, 10),
(1004, 34, 4, 10, 8, 7, 10),
(1005, 34, 5, 4, 84, 46, 31),
(1006, 34, 5, 5, 85, 2, 4),
(1007, 34, 5, 6, 85, 2, 4),
(1008, 34, 5, 7, 86, 51, 2),
(1009, 34, 5, 8, 86, 51, 2),
(1010, 34, 5, 9, 83, 51, 34),
(1011, 34, 5, 10, 83, 51, 34),
(1012, 35, 1, 1, 87, 29, 2),
(1013, 35, 1, 2, 87, 29, 2),
(1014, 35, 1, 3, 87, 29, 2),
(1015, 35, 1, 4, 88, 14, 2),
(1016, 35, 1, 5, 88, 14, 2),
(1017, 35, 1, 6, 88, 14, 2),
(1018, 35, 1, 7, 14, 27, 17),
(1019, 35, 1, 8, 14, 27, 17),
(1020, 35, 2, 2, 89, 22, 13),
(1021, 35, 2, 3, 89, 22, 13),
(1022, 35, 2, 4, 90, 43, 19),
(1023, 35, 2, 5, 90, 43, 19),
(1024, 35, 2, 6, 73, 39, 30),
(1025, 35, 2, 7, 73, 39, 30),
(1026, 35, 3, 2, 48, 35, 27),
(1027, 35, 3, 3, 48, 35, 27),
(1028, 35, 3, 4, 91, 34, 25),
(1029, 35, 3, 5, 91, 34, 25),
(1030, 35, 4, 3, 14, 11, 2),
(1031, 35, 4, 4, 14, 11, 2),
(1032, 35, 4, 5, 92, 46, 31),
(1033, 35, 4, 6, 92, 46, 31),
(1034, 35, 4, 7, 93, 36, 2),
(1035, 35, 4, 8, 93, 36, 2),
(1036, 35, 4, 9, 93, 36, 2),
(1037, 35, 5, 3, 91, 34, 25),
(1038, 35, 5, 4, 91, 34, 25),
(1039, 35, 5, 5, 73, 39, 30),
(1040, 35, 5, 6, 73, 39, 30),
(1041, 35, 5, 7, 48, 35, 27),
(1042, 35, 5, 8, 48, 35, 27),
(1043, 35, 5, 9, 9, 43, 19),
(1044, 35, 5, 10, 9, 43, 19),
(1045, 35, 6, 1, 94, 37, 2),
(1046, 35, 6, 2, 94, 37, 2),
(1047, 35, 6, 3, 10, 19, 2),
(1048, 35, 6, 4, 10, 19, 2),
(1049, 35, 6, 5, 10, 19, 2),
(1050, 36, 1, 1, 88, 14, 2),
(1051, 36, 1, 2, 88, 14, 2),
(1052, 36, 1, 3, 88, 14, 2),
(1053, 36, 1, 4, 87, 29, 2),
(1054, 36, 1, 5, 9, 43, 19),
(1055, 36, 1, 6, 9, 43, 19),
(1056, 36, 2, 3, 87, 29, 2),
(1057, 36, 2, 4, 87, 29, 2),
(1058, 36, 2, 5, 89, 22, 2),
(1059, 36, 2, 6, 89, 22, 2),
(1060, 36, 2, 7, 93, 36, 2),
(1061, 36, 2, 8, 93, 36, 2),
(1062, 36, 2, 9, 93, 36, 2),
(1063, 36, 3, 1, 10, 19, 2),
(1064, 36, 3, 2, 10, 19, 2),
(1065, 36, 3, 3, 10, 19, 2),
(1066, 36, 3, 4, 90, 43, 19),
(1067, 36, 3, 5, 90, 43, 19),
(1068, 36, 3, 6, 48, 35, 27),
(1069, 36, 3, 7, 48, 35, 27),
(1070, 36, 4, 1, 73, 39, 30),
(1071, 36, 4, 2, 73, 39, 30),
(1072, 36, 4, 3, 91, 34, 2),
(1073, 36, 4, 4, 91, 34, 2),
(1074, 36, 4, 5, 92, 12, 2),
(1075, 36, 4, 6, 92, 12, 2),
(1076, 36, 4, 7, 48, 35, 27),
(1077, 36, 4, 8, 48, 35, 27),
(1078, 36, 5, 2, 73, 39, 30),
(1079, 36, 5, 3, 73, 39, 30),
(1080, 36, 5, 4, 14, 26, 2),
(1081, 36, 5, 5, 14, 26, 2),
(1082, 36, 6, 6, 94, 37, 2),
(1083, 36, 6, 7, 94, 37, 2),
(1084, 36, 6, 8, 91, 34, 2),
(1085, 36, 6, 9, 91, 34, 2);

-- --------------------------------------------------------

--
-- Структура таблицы `users`
--

CREATE TABLE `users` (
  `id` int(11) NOT NULL,
  `name` int(11) NOT NULL
) ENGINE=InnoDB DEFAULT CHARSET=utf8 COLLATE=utf8_bin;

--
-- Дамп данных таблицы `users`
--

INSERT INTO `users` (`id`, `name`) VALUES
(90280627, 24),
(251883692, 32),
(427507918, 32),
(157405893, 34),
(1406762, 51),
(168212351, 34),
(271663680, 34),
(143153235, 32),
(43323385, 20),
(269797188, 20),
(152327336, 20),
(411772918, 20),
(101436943, 20),
(209480379, 20),
(426046069, 20),
(147624351, 20),
(150731634, 34),
(165031802, 19),
(259037691, 18),
(315453872, 27),
(135510125, 18),
(367518383, 18),
(440295303, 20),
(342064391, 14),
(246213937, 14),
(175159460, 14),
(71832495, 14),
(135207070, 18),
(482400108, 12),
(421757061, 12),
(249417505, 12),
(163434365, 12),
(256238606, 12),
(158580056, 12),
(132266401, 20),
(454862779, 14),
(117120050, 20),
(139365363, 6),
(179308313, 12),
(275155934, 12),
(163586891, 14),
(135343986, 20),
(184936981, 29),
(257825244, 29),
(173204440, 29),
(290118914, 29),
(276705543, 29),
(63346286, 6),
(222879615, 6),
(245501880, 33),
(309742705, 33),
(273325179, 33),
(163300908, 33),
(187372881, 18),
(504188941, 33),
(151815547, 18),
(148587894, 12),
(96919708, 19),
(347067302, 33),
(492513784, 32),
(143354053, 18),
(86426805, 36),
(168643957, 35),
(302459636, 36),
(133760142, 36),
(133374461, 35),
(62053973, 36),
(183536316, 18),
(107398702, 25),
(156224618, 21),
(338243254, 17),
(414038659, 26),
(193197481, 26),
(158046751, 15),
(206831187, 17),
(152433432, 17),
(231710012, 30),
(136478910, 17),
(324474722, 17),
(12404229, 36),
(142900170, 35),
(182794378, 30),
(233849046, 30),
(104185782, 30),
(408675199, 30),
(194250310, 1),
(143749703, 30),
(162268455, 17),
(488468919, 1),
(153311446, 16),
(458939804, 34),
(172219148, 20),
(177061110, 1),
(160212381, 1),
(92165625, 16),
(157040190, 1),
(389729454, 16),
(143301716, 16),
(381043125, 30),
(149203195, 16),
(186389231, 16),
(176658258, 17),
(167385014, 17),
(216305627, 32),
(203725690, 17),
(471732149, 35),
(144085808, 33),
(31139711, 24),
(144964938, 18),
(144221543, 26),
(180964482, 12),
(207531494, 2),
(137961387, 26),
(160796445, 7),
(147377945, 4),
(422550762, 33),
(137411663, 31),
(408053032, 28),
(337350090, 34),
(216601269, 31),
(252464712, 28),
(178942218, 34),
(181034768, 28),
(162831216, 1),
(269195937, 28),
(498522895, 36),
(215252025, 36),
(315809431, 1),
(309031778, 1),
(466040435, 1),
(233059167, 28),
(142789885, 14),
(373011322, 36),
(512601630, 28),
(70732018, 21),
(409812741, 12),
(141349980, 34),
(366148001, 34),
(157147597, 13),
(59187988, 36),
(171125816, 6),
(79306206, 7),
(253513034, 17),
(109125809, 12),
(350068396, 31),
(43138230, 26),
(161884387, 26),
(152650603, 32),
(230420813, 3),
(261949641, 18),
(134004357, 11),
(142829937, 11),
(334514956, 32),
(134562169, 15),
(332013796, 17),
(184450229, 14),
(71463844, 25),
(89219497, 11),
(142593530, 35),
(163775946, 2),
(307681091, 6),
(369682009, 15),
(463567158, 18),
(172083780, 28),
(500879595, 28),
(476701575, 2),
(259306400, 2),
(405424223, 31),
(47547092, 18),
(360067836, 18),
(146240060, 2),
(111562015, 21),
(55575534, 11),
(342297026, 11),
(22632088, 25),
(455141321, 13),
(164065199, 25),
(130119309, 31),
(97787316, 20),
(287594385, 12),
(284041369, 34),
(157681868, 17),
(484513654, 15),
(387029706, 14),
(406459678, 28),
(126437398, 13),
(471736831, 26),
(100724366, 34),
(167610725, 33),
(190761790, 6),
(413326642, 6),
(202372882, 29),
(171869338, 36),
(124947058, 13),
(229077361, 25),
(165558722, 25),
(82010417, 25),
(132928280, 25),
(329770573, 31),
(240474186, 22),
(122814795, 15),
(155980725, 15),
(235218248, 15),
(236651133, 15),
(328974612, 27),
(244613313, 1),
(196173875, 5),
(320564912, 30),
(96704613, 15),
(311793678, 4),
(267078712, 15),
(134454171, 8),
(151979127, 33),
(381359025, 23),
(217035111, 25),
(135346887, 13),
(175174717, 34),
(120639127, 8),
(498589285, 4),
(173263966, 30),
(154267964, 2),
(286882030, 18),
(146471748, 23),
(441185879, 6),
(340145786, 34),
(439664950, 17),
(160219787, 14),
(296515025, 30),
(200820526, 34),
(442411355, 13),
(195010714, 13),
(451992117, 28),
(298680335, 35),
(194972488, 31),
(368727270, 2),
(195267161, 34),
(396986693, 2),
(182095265, 29),
(53080533, 50),
(128987075, 6),
(108977754, 18),
(91691291, 23),
(142802830, 28),
(52017726, 6),
(154209699, 8),
(88054260, 15),
(264457096, 4),
(107410002, 21),
(55829774, 51),
(152686444, 30),
(504890822, 33),
(174161370, 13),
(150641224, 2),
(110740396, 15),
(271062505, 13),
(140460962, 26),
(211099659, 21),
(137002946, 10),
(308475174, 28),
(400118224, 28),
(219977170, 32);

-- --------------------------------------------------------

--
-- Структура таблицы `week`
--

CREATE TABLE `week` (
  `id` int(11) NOT NULL,
  `name` blob
) ENGINE=InnoDB DEFAULT CHARSET=utf8 COLLATE=utf8_bin;

--
-- Дамп данных таблицы `week`
--

INSERT INTO `week` (`id`, `name`) VALUES
(1, 0xd09fd0bed0bdd0b5d0b4d0b5d0bbd18cd0bdd0b8d0ba),
(2, 0xd092d182d0bed180d0bdd0b8d0ba),
(3, 0xd0a1d180d0b5d0b4d0b0),
(4, 0xd0a7d0b5d182d0b2d0b5d180d0b3),
(5, 0xd09fd18fd182d0bdd0b8d186d0b0),
(6, 0xd0a1d183d0b1d0b1d0bed182d0b0);

--
-- Индексы сохранённых таблиц
--

--
-- Индексы таблицы `classes`
--
ALTER TABLE `classes`
  ADD PRIMARY KEY (`id`);

--
-- Индексы таблицы `groups`
--
ALTER TABLE `groups`
  ADD PRIMARY KEY (`id`);

--
-- Индексы таблицы `lessons`
--
ALTER TABLE `lessons`
  ADD PRIMARY KEY (`id`);

--
-- Индексы таблицы `rooms`
--
ALTER TABLE `rooms`
  ADD PRIMARY KEY (`id`);

--
-- Индексы таблицы `teachers`
--
ALTER TABLE `teachers`
  ADD PRIMARY KEY (`id`);

--
-- Индексы таблицы `timetable`
--
ALTER TABLE `timetable`
  ADD PRIMARY KEY (`id`);

--
-- Индексы таблицы `week`
--
ALTER TABLE `week`
  ADD PRIMARY KEY (`id`);
COMMIT;

/*!40101 SET CHARACTER_SET_CLIENT=@OLD_CHARACTER_SET_CLIENT */;
/*!40101 SET CHARACTER_SET_RESULTS=@OLD_CHARACTER_SET_RESULTS */;
/*!40101 SET COLLATION_CONNECTION=@OLD_COLLATION_CONNECTION */;
